Workbook
Name Actual: (Academic!PeriodInActual*(Academic!#REF!>0))*Academic!PeriodInPlan
Name Actual: ('Academic (2)'!PeriodInActual*('Academic (2)'!#REF!>0))*'Academic (2)'!PeriodInPlan
Name Actual: ('EMR '!PeriodInActual*('EMR '!#REF!>0))*'EMR '!PeriodInPlan
Name Actual: ('EMR - Activity wise'!PeriodInActual*('EMR - Activity wise'!#REF!>0))*'EMR - Activity wise'!PeriodInPlan
Name Actual: ('EMR Backup Sheet'!PeriodInActual*('EMR Backup Sheet'!#REF!>0))*'EMR Backup Sheet'!PeriodInPlan
Name Actual: ('OPD '!PeriodInActual*('OPD '!#REF!>0))*'OPD '!PeriodInPlan
Name Actual: ('OPD Backup Sheet'!PeriodInActual*('OPD Backup Sheet'!#REF!>0))*'OPD Backup Sheet'!PeriodInPlan
Name Actual: ('OPD - Summary'!PeriodInActual*('OPD - Summary'!#REF!>0))*'OPD - Summary'!PeriodInPlan
Name Actual: ('Type 3'!PeriodInActual*('Type 3'!#REF!>0))*'Type 3'!PeriodInPlan
Name Actual: ('Type 4'!PeriodInActual*('Type 4'!#REF!>0))*'Type 4'!PeriodInPlan
Name Actual: ('Type 5'!PeriodInActual*('Type 5'!#REF!>0))*'Type 5'!PeriodInPlan
Name Actual: ('UG Female'!PeriodInActual*('UG Female'!#REF!>0))*'UG Female'!PeriodInPlan
Name Actual: ('UG Male'!PeriodInActual*('UG Male'!#REF!>0))*'UG Male'!PeriodInPlan
Name Actual: (PeriodInActual*(#REF!>0))*PeriodInPlan
Name ActualBeyond: Academic!PeriodInActual*(Academic!#REF!>0)
Name ActualBeyond: 'Academic (2)'!PeriodInActual*('Academic (2)'!#REF!>0)
Name ActualBeyond: 'EMR '!PeriodInActual*('EMR '!#REF!>0)
Name ActualBeyond: 'EMR - Activity wise'!PeriodInActual*('EMR - Activity wise'!#REF!>0)
Name ActualBeyond: 'EMR Backup Sheet'!PeriodInActual*('EMR Backup Sheet'!#REF!>0)
Name ActualBeyond: 'OPD '!PeriodInActual*('OPD '!#REF!>0)
Name ActualBeyond: 'OPD Backup Sheet'!PeriodInActual*('OPD Backup Sheet'!#REF!>0)
Name ActualBeyond: 'OPD - Summary'!PeriodInActual*('OPD - Summary'!#REF!>0)
Name ActualBeyond: 'Type 3'!PeriodInActual*('Type 3'!#REF!>0)
Name ActualBeyond: 'Type 4'!PeriodInActual*('Type 4'!#REF!>0)
Name ActualBeyond: 'Type 5'!PeriodInActual*('Type 5'!#REF!>0)
Name ActualBeyond: 'UG Female'!PeriodInActual*('UG Female'!#REF!>0)
Name ActualBeyond: 'UG Male'!PeriodInActual*('UG Male'!#REF!>0)
Name ActualBeyond: PeriodInActual*(#REF!>0)
Name PercentComplete: Academic!PercentCompleteBeyond*Academic!PeriodInPlan
Name PercentComplete: 'Academic (2)'!PercentCompleteBeyond*'Academic (2)'!PeriodInPlan
Name PercentComplete: 'EMR '!PercentCompleteBeyond*'EMR '!PeriodInPlan
Name PercentComplete: 'EMR - Activity wise'!PercentCompleteBeyond*'EMR - Activity wise'!PeriodInPlan
Name PercentComplete: 'EMR Backup Sheet'!PercentCompleteBeyond*'EMR Backup Sheet'!PeriodInPlan
Name PercentComplete: 'OPD '!PercentCompleteBeyond*'OPD '!PeriodInPlan
Name PercentComplete: 'OPD Backup Sheet'!PercentCompleteBeyond*'OPD Backup Sheet'!PeriodInPlan
Name PercentComplete: 'OPD - Summary'!PercentCompleteBeyond*'OPD - Summary'!PeriodInPlan
Name PercentComplete: 'Type 3'!PercentCompleteBeyond*'Type 3'!PeriodInPlan
Name PercentComplete: 'Type 4'!PercentCompleteBeyond*'Type 4'!PeriodInPlan
Name PercentComplete: 'Type 5'!PercentCompleteBeyond*'Type 5'!PeriodInPlan
Name PercentComplete: 'UG Female'!PercentCompleteBeyond*'UG Female'!PeriodInPlan
Name PercentComplete: 'UG Male'!PercentCompleteBeyond*'UG Male'!PeriodInPlan
Name PercentComplete: PercentCompleteBeyond*PeriodInPlan
Name PercentCompleteBeyond: ('EMR '!A$4=MEDIAN('EMR '!A$4,'EMR '!#REF!,'EMR '!#REF!+'EMR '!#REF!)*('EMR '!#REF!>0))*(('EMR '!A$4<(INT('EMR '!#REF!+'EMR '!#REF!*'EMR '!$E1)))+('EMR '!A$4='EMR '!#REF!))*('EMR '!$E1>0)
Name PercentCompleteBeyond: (#REF!=MEDIAN(#REF!,#REF!,#REF!+#REF!)*(#REF!>0))*((#REF!<(INT(#REF!+#REF!*#REF!)))+(#REF!=#REF!))*(#REF!>0)
Name period_selected: Academic!$G$2
Name period_selected: 'Academic (2)'!$F$2
Name period_selected: 'EMR '!$G$2
Name period_selected: 'EMR - Activity wise'!#REF!
Name period_selected: 'EMR Backup Sheet'!#REF!
Name period_selected: 'OPD '!$G$2
Name period_selected: 'OPD Backup Sheet'!#REF!
Name period_selected: 'OPD - Summary'!#REF!
Name period_selected: 'Type 3'!$G$2
Name period_selected: 'Type 4'!#REF!
Name period_selected: 'Type 5'!$G$2
Name period_selected: 'UG Female'!$G$2
Name period_selected: 'UG Male'!$G$2
Name period_selected: #REF!
Name PeriodInActual: Academic!A$4=MEDIAN(Academic!A$4,Academic!#REF!,Academic!#REF!+Academic!#REF!-1)
Name PeriodInActual: 'Academic (2)'!A$4=MEDIAN('Academic (2)'!A$4,'Academic (2)'!#REF!,'Academic (2)'!#REF!+'Academic (2)'!#REF!-1)

Sheet OPD - Summary
A1: OPD BUILDING - 483 Workmen
A2: ACTIVITY | B2: PLAN / ACTUAL START | C2: TARGET DATE | D2: PERCENT COMPLETE ON 24.9.26 | E2: PERCENT COMPLETE ON 29.9.26 | F2: REMARKS
G3: 46174 | H3: =EDATE(G3,1) -> 46204 | I3: =EDATE(H3,1) -> 46235 | J3: =EDATE(I3,1) -> 46266 | K3: =EDATE(J3,1) -> 46296 | L3: =EDATE(K3,1) -> 46327 | M3: =EDATE(L3,1) -> 46357
A4: Structure | D4: 1 | E4: =D4 -> 1 | F4: Completed
A5: Finishes
A6: Brickwork | B6: 45910 | C6: 46305 | D6: 0.95 | E6: 0.97
A7: Internal Plaster | B7: 45991 | C7: 46320 | D7: 0.95 | E7: 0.96
A8: Joineries | B8: 46047 | C8: 46341 | D8: 0.55 | E8: 0.59 | F8: 70% material is available at site.
A9: Fire door frame & shutter | B9: 46102 | C9: =VLOOKUP(A9,[2]OPD!$B$1:$D$111,3,FALSE) -> 46325 | D9: 0.45
A10: Flooring & Dado | B10: 46009 | C10: 46351 | D10: 0.75 | E10: 0.78 | F10: Material Available
A11: False Ceiling | B11: =MIN(B12:B15) -> 46211 | C11: 46366 | D11: =AVERAGE(D12:D15) -> 0.05 | E11: 0.08 | F11: 60% material is available at site.
A12: a) Ground Floor | B12: 46211 | C12: =VLOOKUP(A12,[2]OPD!$B$1:$D$111,3,FALSE) -> 46310 | D12: 0.2
A13: b) First Floor | B13: =B12+25 -> 46236 | C13: =VLOOKUP(A13,[2]OPD!$B$1:$D$111,3,FALSE) -> 46323 | D13: 0
A14: c) Second Floor | B14: =B13+25 -> 46261 | C14: =VLOOKUP(A14,[2]OPD!$B$1:$D$111,3,FALSE) -> 46346 | D14: 0
A15: d) Third Floor | B15: =B14+25 -> 46286 | C15: =VLOOKUP(A15,[2]OPD!$B$1:$D$111,3,FALSE) -> 46371 | D15: 0
A16: Lift facia granite | B16: 46295 | C16: =VLOOKUP(A16,[2]OPD!$B$1:$D$111,3,FALSE) -> 46351 | D16: 0 | E16: 0.04 | F16: Material Available
A17: Interior Works | B17: 46320 | C17: 46380 | D17: 0 | F17: Material delivery from 20th Oct.
A18: SS Handrail | B18: 46341 | C18: 46380 | D18: 0 | F18: Material Delivery from 5th Nov
A19: External
A20: Elevation A | B20: 46116 | C20: 46341 | D20: 0.5 | E20: 0.54 | F20: Façade & Stone available at site
A21: Elevation B | B21: 46191 | C21: 46351 | D21: 0.48 | E21: 0.53 | F21: Façade & Stone available at site
A22: Elevation C | B22: 46244 | C22: 46361 | D22: 0.3 | E22: 0.33 | F22: Material Delivery by 15th Oct
A23: Elevation D | B23: 46259 | C23: 46371 | D23: 0.2 | E23: 0.25 | F23: Material Delivery by 25th Oct
A24: Elevation A | B24: =#REF!+5 -> #REF! | C24: 46315 | D24: 0
A25: Elevation B | B25: =#REF!+5 -> #REF! | C25: 46331 | D25: 0
A26: Elevation C | B26: =#REF!+5 -> #REF! | C26: 46348 | D26: 0
A27: Elevation D | B27: =#REF!+5 -> #REF! | C27: 46361 | D27: 0
A28: Mechanical Electrical Plumbing ( MEP)
A29: First Fixtures
A30: Cable Tray Installation | B30: 46093 | C30: 46315 | D30: 0.8 | E30: 0.83
A31: CI/Gi Piping | B31: 46050 | C31: 46326 | D31: 0.85 | E31: 0.88
A32: Ducting & Insulation | B32: 46002 | C32: 46322 | D32: 0.87 | E32: 0.89
A33: Fire Piping installation | B33: 46032 | C33: 46320 | D33: 0.86 | E33: 0.91
A34: MGPS Copper Piping | B34: 46275 | C34: 46351 | D34: 0.21 | E34: 0.23 | F34: Material Available
A35: PTTS Pipe installation | B35: 46275 | C35: 46341 | D35: 0.16 | E35: 0.18 | F35: Material Available
A36: Under deck Insulation | B36: 46295 | C36: 46323 | D36: 0 | F36: Material Available
A37: Second Fix
A38: Wiring | B38: 46252 | C38: 46346 | D38: 0.38 | E38: 0.45
A39: Cable Laying & Panel Instt. | B39: 46213 | C39: 46354 | D39: 0.45 | E39: 0.51
A40: UPS Installation | B40: 46300 | C40: 46326 | D40: 0 | F40: Material delivery by 5th Oct
A41: Dropper Installation | B41: 46313 | C41: 46366 | D41: 0 | F41: Material delivery by 10th Oct.
A42: HVAC Pipe Testing | B42: 46244 | C42: 46336 | D42: 0.8 | E42: 0.84
A43: AHU Connection | B43: 46253 | C43: 46354 | D43: 0.42 | E43: 0.48
A44: Wet Riser & FHC installation | B44: 46244 | C44: =VLOOKUP(A44,[2]OPD!$B$54:$D$76,3,FALSE) -> 46319 | D44: 0.75
A45: CAT 6 cabling | B45: 46244 | C45: =VLOOKUP(A45,[2]OPD!$B$54:$D$76,3,FALSE) -> 46341 | D45: 0.38 | E45: 0.44
A46: PA & FAS cabling | B46: 46221 | C46: 46341 | D46: 0.52 | E46: 0.57
A47: Fire Panel Installation | B47: 46294 | C47: 46310 | D47: 0 | F47: Material Available
A48: Network Switch | B48: 46294 | C48: 46346 | D48: 0 | F48: Material Available
A49: Final Fixture | B49: 46346 | C49: 46376 | D49: 0 | F49: e.g., Light switch, sanitary, WC, etc.
A50: Terrace
A51: PHE Piping installation | B51: 46305 | C51: 46341 | D51: 0 | F51: Material Available
A52: Solar Panel Installation | B52: 46331 | C52: 46366 | D52: 0 | F52: Material Delivery by 15th Oct
A53: Over Head Tank | B53: 46256 | C53: 46351 | D53: 0.35 | E53: 0.44 | F53: Work in progress
A54: Terrace Waterproofing | B54: 46239 | C54: 46361 | D54: 0.75 | E54: 0.78
A55: Truss with Polycarbonate Sheet | B55: 46295 | C55: 46326 | D55: 0.6 | E55: =D55 -> 0.6 | F55: Truss erected Polycarbonate Material Available
A56: Lift Installation with slow speed
A57: 2 No.s | B57: 46178 | C57: 46233 | D57: 1 | E57: =D57 -> 1
A58: 3 No.s | B58: 46242 | C58: 46320 | D58: 0.65 | E58: 0.72
A59: 1 No. | B59: 46306 | C59: 46354 | D59: 0 | F59: Material Available
A60: 1 No. | B60: 46341 | C60: 46366 | D60: 0 | F60: Material Available
A61: Permanent Power
A62: ESS1 to OPD Cable Laying | B62: 46294 | C62: 46315 | D62: 0 | F62: Material Available
A63: Main LT Panel Energisation | B63: 46326 | C63: 46346 | D63: 0 | F63: Material delivery by 30th Oct.
A64: Rising Main | B64: 46323 | C64: 46351 | D64: 0 | F64: Material delivery by 25th Oct
A65: Testing with Permanent Power / Completion
A66: Lift | B66: 46357 | C66: 46380
A67: IT/Data Services | B67: 46351 | C67: 46376
A68: Fire Control System | B68: 46361 | C68: 46380
A69: HVAC System | B69: 46346 | C69: 46376

Sheet OPD
B1: OPD (G+3) | C1: Target Date
B3: Brickwork (Shaft Only) | C3: 46305 | E3: FLOOR | F3: TARGET DATE
B4: Plastering | C4: 46321 | E4: GF | F4: 46310
B5: Doors & Windows | C5: 46341 | E5: FF | F5: 46346
B6: Flooring & Cladding | C6: 46351 | E6: SF | F6: 46366
B7: False Ceiling | C7: 46366 | E7: TF | F7: 46381
B8: Toilets | C8: 46374
B9: Lift works | C9: 46356
B10: External Finishes | C10: 46371
B11: Interior works & SS Handrail | C11: 46380
B12: Power ON | C12: 46361
B13: HVAC Works | C13: 46371

Sheet OPD  Backup Sheet
A1: OPD BUILDING
A2: ACTIVITY | B2: PLAN / ACTUAL START | C2: TARGET DATE | D2: UOM | E2: Scope | F2: Achieved till on 9th Oct | G2: % Achieved | H2: Balance | I2: Asking Rate | J2: No. of workmen Needed | K2: No. of workmen available | L2: Remarks
A4: Finishes
A5: Brickwork | B5: 45910 | C5: 46305 | D5: cum | E5: 4151 | F5: 4115.45 | G5: =F5/E5 -> 0.9914358 | H5: =(E5-F5)*G5 -> 35.245543 | I5: =H5/(C5-(IF(B5>TODAY(),B5,TODAY()))) -> 35.245543 | J5: =ROUND(I5/1,0) -> 35 | K5: 65
A6: Internal Plaster | B6: 45991 | C6: 46320 | D6: sqm | E6: 50950 | F6: 50087.5 | G6: =F6/E6 -> 0.98307164 | H6: =(E6-F6)*G6 -> 847.89929 | I6: =H6/(C6-(IF(B6>TODAY(),B6,TODAY()))) -> 52.993706 | J6: =ROUND(I6/10,0) -> 5 | K6: 7
A7: Joineries | B7: 46047 | C7: 46341 | D7: No. | E7: =206+511 -> 717 | F7: 378 | G7: =F7/E7 -> 0.52719665 | H7: =(E7-F7)*G7 -> 178.71967 | I7: =H7/(C7-(IF(B7>TODAY(),B7,TODAY()))) -> 4.8302612 | J7: =ROUND(I7/3,0) -> 2 | K7: 14
A8: Flooring & Dado | B8: 46009 | C8: 46351 | D8: sqm | E8: 29200 | F8: 22255 | G8: =F8/E8 -> 0.76215753 | H8: =(E8-F8)*G8 -> 5293.1841 | I8: =H8/(C8-(IF(B8>TODAY(),B8,TODAY()))) -> 112.62094 | J8: =ROUND(I8/3,0) -> 38 | K8: 30
A9: False ceiling - GF | B9: 46211 | C9: 46310 | D9: sqm | E9: 4152 | F9: 2283.6 | G9: =F9/E9 -> 0.55 | H9: =(E9-F9)*G9 -> 1027.62 | I9: =H9/(C9-(IF(B9>TODAY(),B9,TODAY()))) -> 171.27 | J9: =ROUND(I9/12,0) -> 14 | K9: 9
A10: False ceiling - FF | B10: 46270 | C10: 46323 | D10: sqm | E10: 3598 | F10: 408 | G10: =F10/E10 -> 0.11339633 | H10: =(E10-F10)*G10 -> 361.7343 | I10: =H10/(C10-(IF(B10>TODAY(),B10,TODAY()))) -> 19.038647 | J10: =ROUND(I10/12,0) -> 2 | K10: 5
A11: False ceiling - SF | B11: 46331 | C11: 46346 | D11: sqm | E11: 3598 | F11: 0 | G11: =F11/E11 -> 0 | H11: =(E11-F11)*G11 -> 0 | I11: =H11/(C11-(IF(B11>TODAY(),B11,TODAY()))) -> 0 | J11: =ROUND(I11/12,0) -> 0
A12: False ceiling - TF | B12: 46356 | C12: 46371 | D12: sqm | E12: 3715 | F12: 0 | G12: =F12/E12 -> 0 | H12: =(E12-F12)*G12 -> 0 | I12: =H12/(C12-(IF(B12>TODAY(),B12,TODAY()))) -> 0 | J12: =ROUND(I12/12,0) -> 0
A13: Lift facia granite | B13: 46295 | C13: 46351 | D13: sqm | E13: =60*4 -> 240 | F13: 0 | G13: =F13/E13 -> 0 | H13: =(E13-F13)*G13 -> 0 | I13: =H13/(C13-(IF(B13>TODAY(),B13,TODAY()))) -> 0 | J13: =ROUND(I13/6,0) -> 0 | L13: Will start from 12th Oct
A14: Interior Works | B14: 46320 | C14: 46380 | D14: sqm | E14: 640 | F14: 0 | G14: =F14/E14 -> 0 | H14: =(E14-F14)*G14 -> 0 | I14: =H14/(C14-(IF(B14>TODAY(),B14,TODAY()))) -> 0 | J14: =ROUND(I14/8,0) -> 0 | L14: Drawings & TDS under review
A15: SS Handrail | B15: 46341 | C15: 46380 | D15: Rm | E15: =96*4+45+21+25 -> 475 | F15: 0 | G15: =F15/E15 -> 0 | H15: =(E15-F15)*G15 -> 0 | I15: =H15/(C15-(IF(B15>TODAY(),B15,TODAY()))) -> 0 | J15: =ROUND(I15/9,0) -> 0 | L15: Drawings will be submitted by 10th Oct
A16: External
A17: Elevation A
A18: Brickwork | B18: 46308 | C18: 46315 | D18: sqm | E18: 865 | F18: 825 | G18: =F18/E18 -> 0.95375723 | H18: =(E18-F18)*G18 -> 38.150289 | I18: =H18/(C18-(IF(B18>TODAY(),B18,TODAY()))) -> 5.4500413 | J18: =ROUND(I18/1,0) -> 5 | L18: MS Canopy foundation WIP
A19: Plaster | B19: =C18+1 -> 46316 | C19: =C18+8 -> 46323 | D19: sqm | E19: 1012 | F19: 896 | G19: =F19/E19 -> 0.88537549 | H19: =(E19-F19)*G19 -> 102.70356 | I19: =H19/(C19-(IF(B19>TODAY(),B19,TODAY()))) -> 14.671937 | J19: =ROUND(I19/10,0) -> 1
A20: MS framing | B20: 46296 | C20: 46333 | D20: sqm | E20: 345 | F20: 27 | G20: =F20/E20 -> 0.07826087 | H20: =(E20-F20)*G20 -> 24.886957 | I20: =H20/(C20-(IF(B20>TODAY(),B20,TODAY()))) -> 0.85817091 | J20: =ROUND(I20/12,0) -> 0 | K20: 4 | L20: Mockup works in progress
A21: Stone Cladding | B21: =B20+3 -> 46299 | C21: =C20+3 -> 46336 | D21: sqm | E21: 345 | F21: 0 | G21: =F21/E21 -> 0 | H21: =(E21-F21)*G21 -> 0 | I21: =H21/(C21-(IF(B21>TODAY(),B21,TODAY()))) -> 0 | J21: =ROUND(I21/10,0) -> 0
A22: Glazing | B22: 46305 | C22: =C21+5 -> 46341 | D22: sqm | E22: =28*0.96*20.7+13.46*8.4 -> 669.48 | F22: 0 | G22: =F22/E22 -> 0 | H22: =(E22-F22)*G22 -> 0 | I22: =H22/(C22-(IF(B22>TODAY(),B22,TODAY()))) -> 0 | J22: =ROUND(I22/5,0) -> 0 | L22: Mockup works in progress
A23: Paint | B23: =C22+1 -> 46342 | C23: =B23+4 -> 46346 | D23: sqm | E23: 1270 | F23: 0 | G23: =F23/E23 -> 0 | H23: =(E23-F23)*G23 -> 0 | I23: =H23/(C23-(IF(B23>TODAY(),B23,TODAY()))) -> 0 | J23: =ROUND(I23/10,0) -> 0
A24: Elevation B
A25: Brickwork | B25: 46297 | C25: 46318 | D25: sqm | E25: =51/0.115 -> 443.47826 | F25: 408 | G25: =F25/E25 -> 0.92 | H25: =(E25-F25)*G25 -> 32.64 | I25: =H25/(C25-(IF(B25>TODAY(),B25,TODAY()))) -> 2.3314286 | J25: =ROUND(I25/1,0) -> 2 | K25: 4
A26: Plaster | B26: =B25+1 -> 46298 | C26: =C25+8 -> 46326 | D26: sqm | E26: 780 | F26: 590 | G26: =F26/E26 -> 0.75641026 | H26: =(E26-F26)*G26 -> 143.71795 | I26: =H26/(C26-(IF(B26>TODAY(),B26,TODAY()))) -> 6.532634 | J26: =ROUND(I26/10,0) -> 1
A27: MS framing | B27: 46300 | C27: 46337 | D27: sqm | E27: 215 | F27: 78 | G27: =F27/E27 -> 0.3627907 | H27: =(E27-F27)*G27 -> 49.702326 | I27: =H27/(C27-(IF(B27>TODAY(),B27,TODAY()))) -> 1.5061311 | J27: =ROUND(I27/12,0) -> 0 | K27: 11
A28: Stone Cladding | B28: =B27+3 -> 46303 | C28: =C27+3 -> 46340 | D28: sqm | E28: 215 | F28: 14 | G28: =F28/E28 -> 0.065116279 | H28: =(E28-F28)*G28 -> 13.088372 | I28: =H28/(C28-(IF(B28>TODAY(),B28,TODAY()))) -> 0.36356589 | J28: =ROUND(I28/10,0) -> 0 | K28: 4
A29: Glazing | B29: 46311 | C29: =C28+7 -> 46347 | D29: sqm | E29: =16*2.05*8.4 -> 275.52 | F29: 0 | G29: =F29/E29 -> 0 | H29: =(E29-F29)*G29 -> 0 | I29: =H29/(C29-(IF(B29>TODAY(),B29,TODAY()))) -> 0 | J29: =ROUND(I29/5,0) -> 0
A30: Paint | B30: =C29+1 -> 46348 | C30: =B30+3 -> 46351 | D30: sqm | E30: 435 | F30: 0 | G30: =F30/E30 -> 0 | H30: =(E30-F30)*G30 -> 0 | I30: =H30/(C30-(IF(B30>TODAY(),B30,TODAY()))) -> 0 | J30: =ROUND(I30/10,0) -> 0
A31: Elevation C
A32: Brickwork | B32: 46299 | C32: 46325 | D32: sqm | E32: 521 | F32: 497 | G32: =F32/E32 -> 0.95393474 | H32: =(E32-F32)*G32 -> 22.894434 | I32: =H32/(C32-(IF(B32>TODAY(),B32,TODAY()))) -> 1.0902111 | J32: =ROUND(I32/1,0) -> 1 | K32: 4
A33: Plaster | B33: =B32+4 -> 46303 | C33: =C32+8 -> 46333 | D33: sqm | E33: 825 | F33: 396 | G33: =F33/E33 -> 0.48 | H33: =(E33-F33)*G33 -> 205.92 | I33: =H33/(C33-(IF(B33>TODAY(),B33,TODAY()))) -> 7.1006897 | J33: =ROUND(I33/10,0) -> 1 | K33: 5
A34: MS framing | B34: 46320 | C34: 46348 | D34: sqm | E34: 285 | F34: 0 | G34: =F34/E34 -> 0 | H34: =(E34-F34)*G34 -> 0 | I34: =H34/(C34-(IF(B34>TODAY(),B34,TODAY()))) -> 0 | J34: =ROUND(I34/12,0) -> 0
A35: Stone Cladding | B35: =B34+3 -> 46323 | C35: =C34+3 -> 46351 | D35: sqm | E35: =E34 -> 285 | F35: 0 | G35: =F35/E35 -> 0 | H35: =(E35-F35)*G35 -> 0 | I35: =H35/(C35-(IF(B35>TODAY(),B35,TODAY()))) -> 0 | J35: =ROUND(I35/10,0) -> 0
A36: Glazing | B36: 46311 | C36: =C35+6 -> 46357 | D36: sqm | E36: 312 | F36: 0 | G36: =F36/E36 -> 0 | H36: =(E36-F36)*G36 -> 0 | I36: =H36/(C36-(IF(B36>TODAY(),B36,TODAY()))) -> 0 | J36: =ROUND(I36/5,0) -> 0
A37: Paint | B37: =C36+1 -> 46358 | C37: =B37+3 -> 46361 | D37: sqm | E37: 456 | F37: 0 | G37: =F37/E37 -> 0 | H37: =(E37-F37)*G37 -> 0 | I37: =H37/(C37-(IF(B37>TODAY(),B37,TODAY()))) -> 0 | J37: =ROUND(I37/10,0) -> 0
A38: Elevation D
A39: Brickwork | B39: 46310 | C39: 46331 | D39: sqm | E39: =51/0.115 -> 443.47826 | F39: 425.73913 | G39: =F39/E39 -> 0.96 | H39: =(E39-F39)*G39 -> 17.029565 | I39: =H39/(C39-(IF(B39>TODAY(),B39,TODAY()))) -> 0.81093168 | J39: =ROUND(I39/1,0) -> 1 | L39: Backfilling Works in progress
A40: Plaster | B40: =C39+1 -> 46332 | C40: =C39+10 -> 46341 | D40: sqm | E40: 780 | F40: 0 | G40: =F40/E40 -> 0 | H40: =(E40-F40)*G40 -> 0 | I40: =H40/(C40-(IF(B40>TODAY(),B40,TODAY()))) -> 0 | J40: =ROUND(I40/10,0) -> 0
A41: MS framing | B41: 46331 | C41: 46348 | D41: sqm | E41: 215 | F41: 0 | G41: =F41/E41 -> 0 | H41: =(E41-F41)*G41 -> 0 | I41: =H41/(C41-(IF(B41>TODAY(),B41,TODAY()))) -> 0 | J41: =ROUND(I41/12,0) -> 0
A42: Stone Cladding | B42: =B41+3 -> 46334 | C42: =C41+7 -> 46355 | D42: sqm | E42: 215 | F42: 0 | G42: =F42/E42 -> 0 | H42: =(E42-F42)*G42 -> 0 | I42: =H42/(C42-(IF(B42>TODAY(),B42,TODAY()))) -> 0 | J42: =ROUND(I42/10,0) -> 0
A43: Glazing | B43: 46342 | C43: =C42+10 -> 46365 | D43: sqm | E43: =16*2.05*8.4 -> 275.52 | F43: 0 | G43: =F43/E43 -> 0 | H43: =(E43-F43)*G43 -> 0 | I43: =H43/(C43-(IF(B43>TODAY(),B43,TODAY()))) -> 0 | J43: =ROUND(I43/5,0) -> 0
A44: Paint | B44: =C43+1 -> 46366 | C44: =B44+5 -> 46371 | D44: sqm | E44: 435 | F44: 0 | G44: =F44/E44 -> 0 | H44: =(E44-F44)*G44 -> 0 | I44: =H44/(C44-(IF(B44>TODAY(),B44,TODAY()))) -> 0 | J44: =ROUND(I44/10,0) -> 0
A45: Mechanical Electrical Plumbing ( MEP)
A46: First Fixtures
A47: Cable Tray Installation | B47: 46093 | C47: 46315 | D47: Rm | E47: 1500 | F47: 1451 | G47: =F47/E47 -> 0.96733333 | H47: =(E47-F47)*G47 -> 47.399333 | I47: =H47/(C47-(IF(B47>TODAY(),B47,TODAY()))) -> 4.3090303 | J47: =ROUND(I47/4,0) -> 1 | K47: 2
A48: CI/Gi Piping | B48: 46050 | C48: 46326 | D48: Rm | E48: =9830+3200 -> 13030 | F48: 10956 | G48: =F48/E48 -> 0.84082886 | H48: =(E48-F48)*G48 -> 1743.879 | I48: =H48/(C48-(IF(B48>TODAY(),B48,TODAY()))) -> 79.267229 | J48: =ROUND(I48/12,0) -> 7 | K48: 4
A49: Ducting & Insulation | B49: 46002 | C49: 46322 | D49: sqm | E49: =7203 -> 7203 | F49: 6880 | G49: =F49/E49 -> 0.95515757 | H49: =(E49-F49)*G49 -> 308.5159 | I49: =H49/(C49-(IF(B49>TODAY(),B49,TODAY()))) -> 17.139772 | J49: =ROUND(I49/10,0) -> 2 | K49: 4
A50: Fire Piping installation | B50: 46032 | C50: 46320 | D50: sqm | E50: 9363 | F50: 8880 | G50: =F50/E50 -> 0.94841397 | H50: =(E50-F50)*G50 -> 458.08395 | I50: =H50/(C50-(IF(B50>TODAY(),B50,TODAY()))) -> 28.630247 | J50: =ROUND(I50/12,0) -> 2 | K50: 6
A51: MGPS Copper Piping | B51: 46275 | C51: 46351 | D51: Rm | E51: =890+1480+1598+1190 -> 5158 | F51: 421 | G51: =F51/E51 -> 0.081620783 | H51: =(E51-F51)*G51 -> 386.63765 | I51: =H51/(C51-(IF(B51>TODAY(),B51,TODAY()))) -> 8.226333 | J51: =ROUND(I51/9,0) -> 1 | K51: 0
A52: PTTS Pipe installation | B52: 46275 | C52: 46341 | D52: Rm | E52: 630 | F52: 466.2 | G52: =F52/E52 -> 0.74 | H52: =(E52-F52)*G52 -> 121.212 | I52: =H52/(C52-(IF(B52>TODAY(),B52,TODAY()))) -> 3.276 | J52: =ROUND(I52/9,0) -> 0 | K52: 2
A53: Under deck Insulation | B53: 46295 | C53: 46323 | D53: sqm | E53: 3426 | F53: 685.2 | G53: =F53/E53 -> 0.2 | H53: =(E53-F53)*G53 -> 548.16 | I53: =H53/(C53-(IF(B53>TODAY(),B53,TODAY()))) -> 28.850526 | J53: =ROUND(I53/10,0) -> 3 | K53: 6
A54: Second Fix
A55: Wiring | B55: 46252 | C55: 46346 | D55: Rm | E55: 46027 | F55: 23692.96 | G55: =F55/E55 -> 0.5147622 | H55: =(E55-F55)*G55 -> 11496.72 | I55: =H55/(C55-(IF(B55>TODAY(),B55,TODAY()))) -> 273.73142 | J55: =ROUND(I55/25,0) -> 11 | K55: 16
A56: Cable Laying & Panel Instt. | B56: 46213 | C56: 46354 | D56: Rm | E56: 16308 | F56: 8643.24 | G56: =F56/E56 -> 0.53 | H56: =(E56-F56)*G56 -> 4062.3228 | I56: =H56/(C56-(IF(B56>TODAY(),B56,TODAY()))) -> 81.246456 | J56: =ROUND(I56/25,0) -> 3 | K56: 4
A57: UPS Installation | B57: 46300 | C57: 46326 | D57: No. | E57: 4 | F57: 3.6 | G57: =F57/E57 -> 0.9 | H57: =(E57-F57)*G57 -> 0.36 | I57: =H57/(C57-(IF(B57>TODAY(),B57,TODAY()))) -> 0.016363636 | J57: =ROUND(I57/2,0) -> 0 | K57: 0
A58: Dropper Installation | B58: 46313 | C58: 46366 | D58: No. | E58: 1517 | F58: 174 | G58: =F58/E58 -> 0.11470007 | H58: =(E58-F58)*G58 -> 154.04219 | I58: =H58/(C58-(IF(B58>TODAY(),B58,TODAY()))) -> 2.9064564 | J58: =ROUND(I58/12,0) -> 0 | K58: 0
A59: HVAC Pipe Testing | B59: 46244 | C59: 46336 | D59: Rm | E59: 2800 | F59: 2735 | G59: =F59/E59 -> 0.97678571 | H59: =(E59-F59)*G59 -> 63.491071 | I59: =H59/(C59-(IF(B59>TODAY(),B59,TODAY()))) -> 1.984096 | J59: =ROUND(I59/5,0) -> 0 | K59: 0
A60: AHU Connection | B60: 46253 | C60: 46354 | D60: No. | E60: 45 | F60: 43 | G60: =F60/E60 -> 0.95555556 | H60: =(E60-F60)*G60 -> 1.9111111 | I60: =H60/(C60-(IF(B60>TODAY(),B60,TODAY()))) -> 0.038222222 | J60: =ROUND(I60/3,0) -> 0 | K60: 4
A61: CAT 6 cabling | B61: 46244 | C61: =VLOOKUP(A61,[3]OPD!$B$54:$D$76,3,FALSE) -> 46341 | D61: Rm | E61: 65000 | F61: 20795 | G61: =F61/E61 -> 0.31992308 | H61: =(E61-F61)*G61 -> 14142.2 | I61: =H61/(C61-(IF(B61>TODAY(),B61,TODAY()))) -> 382.22161 | J61: =ROUND(I61/60,0) -> 6 | K61: 8
A62: PA & FAS cabling | B62: 46221 | C62: 46341 | D62: Rm | E62: 24107 | F62: 18928 | G62: =F62/E62 -> 0.78516613 | H62: =(E62-F62)*G62 -> 4066.3754 | I62: =H62/(C62-(IF(B62>TODAY(),B62,TODAY()))) -> 109.90204 | J62: =ROUND(I62/60,0) -> 2 | K62: 4
A63: Fire Panel Installation | B63: 46294 | C63: 46310 | D63: No. | E63: 1 | F63: 0 | G63: =F63/E63 -> 0 | H63: =(E63-F63)*G63 -> 0 | I63: =H63/(C63-(IF(B63>TODAY(),B63,TODAY()))) -> 0 | J63: =ROUND(I63/3,0) -> 0 | K63: 0
A64: Network Switch | B64: 46294 | C64: 46346 | D64: No. | E64: 12 | F64: 6 | G64: =F64/E64 -> 0.5 | H64: =(E64-F64)*G64 -> 3 | I64: =H64/(C64-(IF(B64>TODAY(),B64,TODAY()))) -> 0.071428571 | J64: =ROUND(I64/3,0) -> 0 | K64: 4
A65: Final Fixture | B65: 46346 | C65: 46376 | D65: lot | E65: 1 | F65: 0.05 | G65: =F65/E65 -> 0.05 | H65: =(E65-F65)*G65 -> 0.0475 | I65: =H65/(C65-(IF(B65>TODAY(),B65,TODAY()))) -> 0.0015833333 | J65: =ROUND(I65/3,0) -> 0 | K65: 0
A66: Terrace
A67: PHE Piping installation | B67: 46305 | C67: 46341 | D67: rm | E67: 2250 | F67: 202.5 | G67: =F67/E67 -> 0.09 | H67: =(E67-F67)*G67 -> 184.275 | I67: =H67/(C67-(IF(B67>TODAY(),B67,TODAY()))) -> 5.11875 | J67: =ROUND(I67/10,0) -> 1 | K67: 7
A68: Solar Panel Installation | B68: 46331 | C68: 46366 | D68: No. | E68: 128 | F68: 0 | G68: =F68/E68 -> 0 | H68: =(E68-F68)*G68 -> 0 | I68: =H68/(C68-(IF(B68>TODAY(),B68,TODAY()))) -> 0 | J68: =ROUND(I68/3,0) -> 0 | K68: 0
A69: Over Head Tank | B69: 46256 | C69: 46351 | D69: No. | E69: 1 | F69: 0.75 | G69: =F69/E69 -> 0.75 | H69: =(E69-F69)*G69 -> 0.1875 | I69: =H69/(C69-(IF(B69>TODAY(),B69,TODAY()))) -> 0.0039893617 | J69: =ROUND(I69/3,0) -> 0 | K69: 0
A70: Terrace Waterproofing | B70: 46239 | C70: 46361 | D70: sqm | E70: 3528 | F70: 3528 | G70: =F70/E70 -> 1 | H70: =(E70-F70)*G70 -> 0 | I70: =H70/(C70-(IF(B70>TODAY(),B70,TODAY()))) -> 0 | J70: =ROUND(I70/3,0) -> 0 | K70: 2
A71: Truss with Polycarbonate Sheet | B71: 46295 | C71: 46326 | D71: sqm | E71: =29*35 -> 1015 | F71: 659.75 | G71: =F71/E71 -> 0.65 | H71: =(E71-F71)*G71 -> 230.9125 | I71: =H71/(C71-(IF(B71>TODAY(),B71,TODAY()))) -> 10.496023 | J71: =ROUND(I71/10,0) -> 1 | K71: 2
A72: Lift Installation with slow speed
A73: 2 No.s | B73: 46178 | C73: 46233 | D73: No. | E73: 2 | F73: 2 | G73: =F73/E73 -> 1 | H73: =(E73-F73)*G73 -> 0 | I73: =H73/(C73-(IF(B73>TODAY(),B73,TODAY()))) -> 0 | J73: =ROUND(I73/3,0) -> 0 | K73: 0
A74: 3 No.s | B74: 46242 | C74: 46320 | D74: No. | E74: 3 | F74: 3 | G74: =F74/E74 -> 1 | H74: =(E74-F74)*G74 -> 0 | I74: =H74/(C74-(IF(B74>TODAY(),B74,TODAY()))) -> 0 | J74: =ROUND(I74/3,0) -> 0 | K74: 0
A75: 1 No. | B75: 46306 | C75: 46354 | D75: No. | E75: 1 | F75: 0.55 | G75: =F75/E75 -> 0.55 | H75: =(E75-F75)*G75 -> 0.2475 | I75: =H75/(C75-(IF(B75>TODAY(),B75,TODAY()))) -> 0.00515625 | J75: =ROUND(I75/3,0) -> 0 | K75: 4
A76: 1 No. | B76: 46341 | C76: 46366 | D76: No. | E76: 1 | F76: 0 | G76: =F76/E76 -> 0 | H76: =(E76-F76)*G76 -> 0 | I76: =H76/(C76-(IF(B76>TODAY(),B76,TODAY()))) -> 0 | J76: =ROUND(I76/3,0) -> 0 | K76: 2
A77: Permanent Power
A78: ESS1 to OPD Cable Laying | B78: 46294 | C78: 46315
A79: Main LT Panel Energisation | B79: 46326 | C79: 46346
A80: Rising Main | B80: 46323 | C80: 46351
A81: Testing with Permanent Power / Completion
A82: Lift | B82: 46357 | C82: 46380
A83: IT/Data Services | B83: 46351 | C83: 46376
A84: Fire Control System | B84: 46361 | C84: 46380
A85: HVAC System | B85: 46346 | C85: 46376
I1048571: =H1048571/(C1048571-TODAY()) -> 0

Sheet EMR
B1: EMR (G+3) | C1: Target Date
B3: Brickwork | C3: 46320
B4: Plastering | C4: 46346 | E4: FLOOR | F4: TARGET DATE
B5: Doors & Windows | C5: 46346 | E5: GF | F5: 46323
B6: Flooring & Cladding | C6: 46356 | E6: FF | F6: 46351
B7: False Ceiling | C7: 46374 | E7: SF | F7: 46374
B8: Toilets | C8: 46384 | E8: TF | F8: 46381
B9: Lift Works | C9: 46382
B10: External Finishes | C10: 46367
B11: Interior works & SS Handrail | C11: 46380
B12: CSSD | C12: 46341
B13: Power ON | C13: 46368
B14: HVAC Works | C14: 46377
B15: OT Works / ICU | C15: 46380

Sheet EMR Backup Sheet
A1: EMERGENCY BUILDING
A3: ACTIVITY | B3: PLAN / ACTUAL START | C3: Target Date | D3: UOM | E3: SCOPE | F3: Achieved till 9th Oct | G3: % Achieved | H3: Balance | I3: Asking Rate | J3: Manpower Needed | K3: Manpower Available
A5: Finishes
A6: Brickwork | B6: 45938 | C6: 46320 | D6: Cum | E6: =4931-703 -> 4228 | F6: 4101.16 | G6: =F6/E6 -> 0.97 | H6: =E6-F6 -> 126.84 | I6: =H6/(C6-(IF(B6>TODAY(),B6,TODAY()))) -> 7.9275 | J6: =ROUND(I6/1,0) -> 8 | K6: 8
A7: Internal Plaster | B7: 46032 | C7: 46336 | D7: sqm | E7: 55280 | F7: 44989 | G7: =F7/E7 -> 0.81383864 | H7: =E7-F7 -> 10291 | I7: =H7/(C7-(IF(B7>TODAY(),B7,TODAY()))) -> 321.59375 | J7: =ROUND(I7/12,0) -> 27 | K7: 30
A8: Joineries | B8: 46102 | C8: 46371 | D8: No. | E8: 782 | F8: 445.74 | G8: =F8/E8 -> 0.57 | H8: =E8-F8 -> 336.26 | I8: =H8/(C8-(IF(B8>TODAY(),B8,TODAY()))) -> 5.018806 | J8: =ROUND(I8/3,0) -> 2 | K8: 0
A9: Flooring & Dado | B9: 46073 | C9: =VLOOKUP(A9,[1]EMR!$B$7:$D$131,3,FALSE) -> 46356 | D9: sqm | E9: =17000+7221+1921 -> 26142 | F9: 21499.02 | G9: =F9/E9 -> 0.82239385 | H9: =E9-F9 -> 4642.98 | I9: =H9/(C9-(IF(B9>TODAY(),B9,TODAY()))) -> 89.288077 | J9: =ROUND(I9/10,0) -> 9 | K9: 12
A10: False ceiling - GF | B10: 46310 | C10: 46346 | D10: sqm | E10: =4152*1.5 -> 6228 | F10: 186.84 | G10: =F10/E10 -> 0.03 | H10: =E10-F10 -> 6041.16 | I10: =H10/(C10-(IF(B10>TODAY(),B10,TODAY()))) -> 167.81 | J10: =ROUND(I10/12,0) -> 14
A11: False ceiling - FF | B11: =B10+10 -> 46320 | C11: 46336 | D11: sqm | E11: =3598*1.5 -> 5397 | F11: 0 | G11: =F11/E11 -> 0 | H11: =E11-F11 -> 5397 | I11: =H11/(C11-(IF(B11>TODAY(),B11,TODAY()))) -> 337.3125 | J11: =ROUND(I11/12,0) -> 28
A12: False ceiling - SF | B12: =B11+10 -> 46330 | C12: 46351 | D12: sqm | E12: =3598*1.5 -> 5397 | F12: 0 | G12: =F12/E12 -> 0 | H12: =E12-F12 -> 5397 | I12: =H12/(C12-(IF(B12>TODAY(),B12,TODAY()))) -> 257 | J12: =ROUND(I12/12,0) -> 21
A13: False ceiling - TF | B13: =B12+10 -> 46340 | C13: 46366 | D13: sqm | E13: =3715*1.5 -> 5572.5 | F13: 0 | G13: =F13/E13 -> 0 | H13: =E13-F13 -> 5572.5 | I13: =H13/(C13-(IF(B13>TODAY(),B13,TODAY()))) -> 214.32692 | J13: =ROUND(I13/12,0) -> 18
A14: Lift lobby | B14: 46315 | C14: 46376 | D14: sqm | E14: 290 | F14: 0 | G14: =F14/E14 -> 0 | H14: =E14-F14 -> 290 | I14: =H14/(C14-(IF(B14>TODAY(),B14,TODAY()))) -> 4.7540984 | J14: =ROUND(I14/5,0) -> 1 | K14: 0
A15: Interior Works | B15: 46344 | C15: 46374 | D15: sqm | E15: 530 | F15: 0 | G15: =F15/E15 -> 0 | H15: =E15-F15 -> 530 | I15: =H15/(C15-(IF(B15>TODAY(),B15,TODAY()))) -> 17.666667 | J15: =ROUND(I15/10,0) -> 2 | K15: 0
A16: SS Handrail | B16: 46336 | C16: 46376 | D16: Rm | E16: 475 | F16: 0 | G16: =F16/E16 -> 0 | H16: =E16-F16 -> 475 | I16: =H16/(C16-(IF(B16>TODAY(),B16,TODAY()))) -> 11.875 | J16: =ROUND(I16/10,0) -> 1 | K16: 0
A17: OT Rooms
A18: Ground Floor ( 2 Nos.)
A19: Civil Work | B19: 46167 | C19: 46262 | G19: 1 | H19: 1
A20: OT Works | B20: 46262 | C20: 46310 | G20: 0.54 | H20: =100%-G20 -> 0.46 | J20: 4 | K20: 0
A21: 2nd Floor (2 Nos.)
A22: Civil Work | B22: 46193 | C22: 46298 | G22: 1 | H22: =100%-G22 -> 0 | J22: 8 | K22: 8
A23: OT Works | B23: 46298 | C23: 46325 | G23: 0.12 | H23: =100%-G23 -> 0.88
A24: 3rd Floor (12 Nos.)
A25: Civil Work | B25: 46208 | C25: 46325 | G25: 0.45 | H25: =100%-G25 -> 0.55 | J25: 10 | K25: 12
A26: OT Works | B26: 46325 | C26: 46377 | G26: 0 | H26: =100%-G26 -> 1
A27: CSSD Room
A28: Civil Work | B28: 46213 | C28: 46264 | G28: 1 | H28: =100%-G28 -> 0 | I28: - | J28: -
A29: Service Oriented Work | B29: 46266 | C29: 46351 | G29: 0.58 | H29: =100%-G29 -> 0.42
A30: Above Terrace
A31: Staircase - Head Room | B31: 46280 | C31: 46325 | D31: CUM | E31: 340 | F31: 129.2 | G31: =F31/E31 -> 0.38 | H31: =E31-F31 -> 210.8 | I31: =H31/(C31-(IF(B31>TODAY(),B31,TODAY()))) -> 10.038095 | J31: =ROUND(I31/4,0) -> 3 | K31: 3
A32: Over Head Tank | B32: 46290 | C32: 46327 | D32: sqm | E32: 350 | F32: 147 | G32: =F32/E32 -> 0.42 | H32: =E32-F32 -> 203 | I32: =H32/(C32-(IF(B32>TODAY(),B32,TODAY()))) -> 8.826087 | J32: =ROUND(I32/3,0) -> 3 | K32: 4
A33: Terrace Waterproofing | B33: 46272 | C33: 46325 | D33: sqm | E33: 3754 | F33: 2552.72 | G33: =F33/E33 -> 0.68 | H33: =E33-F33 -> 1201.28 | I33: =H33/(C33-(IF(B33>TODAY(),B33,TODAY()))) -> 57.20381 | J33: =ROUND(I33/10,0) -> 6 | K33: 3
A34: Truss & Polycarbonate Sheet | B34: 46300 | C34: 46320 | D34: sqm | E34: =29*30.5 -> 884.5 | F34: 610.305 | G34: =F34/E34 -> 0.69 | H34: =E34-F34 -> 274.195 | I34: =H34/(C34-(IF(B34>TODAY(),B34,TODAY()))) -> 17.137188 | J34: 2 | K34: 0
A35: External
A36: Elevation A | B36: 46239 | C36: 46366 | D36: sqm | E36: 935 | F36: 392.7 | G36: =F36/E36 -> 0.42 | H36: =E36-F36 -> 542.3 | I36: =H36/(C36-(IF(B36>TODAY(),B36,TODAY()))) -> 8.7467742 | J36: =ROUND(I36/3,0) -> 3 | K36: 8
A37: Elevation B | B37: 46252 | C37: 46368 | D37: sqm | E37: 490 | F37: 68.6 | G37: =F37/E37 -> 0.14 | H37: =E37-F37 -> 421.4 | I37: =H37/(C37-(IF(B37>TODAY(),B37,TODAY()))) -> 6.584375 | J37: =ROUND(I37/3,0) -> 2 | K37: 5
A38: Elevation C | B38: 46270 | C38: 46374 | D38: sqm | E38: 564 | F38: 112.8 | G38: =F38/E38 -> 0.2 | H38: =E38-F38 -> 451.2 | I38: =H38/(C38-(IF(B38>TODAY(),B38,TODAY()))) -> 6.4457143 | J38: =ROUND(I38/3,0) -> 2 | K38: 2
A39: Elevation D | B39: 46244 | C39: 46366 | D39: sqm | E39: 485 | F39: 82.45 | G39: =F39/E39 -> 0.17 | H39: =E39-F39 -> 402.55 | I39: =H39/(C39-(IF(B39>TODAY(),B39,TODAY()))) -> 6.4927419 | J39: =ROUND(I39/3,0) -> 2 | K39: 0
A40: Fascia Beam | B40: 46267 | C40: 46356 | D40: Rm | E40: =(70.6+77.6+70.6)*2 -> 437.6 | F40: 126.904 | G40: =F40/E40 -> 0.29 | H40: =E40-F40 -> 310.696 | I40: =H40/(C40-(IF(B40>TODAY(),B40,TODAY()))) -> 5.9749231 | J40: =ROUND(I40/3,0) -> 2 | K40: 3
A41: Mechanical Electrical Plumbing ( MEP)
A42: First Fixtures
A43: Cable Tray Installation | B43: 46034 | C43: 46275 | D43: Rm | E43: 1537 | F43: 1537 | G43: =F43/E43 -> 1 | H43: =E43-F43 -> 0 | I43: =H43/(C43-(IF(B43>TODAY(),B43,TODAY()))) -> 0 | J43: =ROUND(I43/4,0) -> 0 | K43: 0
A44: CI/GI Piping | B44: 46049 | C44: 46366 | D44: Rm | E44: =2760+1800 -> 4560 | F44: 3242.4 | G44: =F44/E44 -> 0.71105263 | H44: =E44-F44 -> 1317.6 | I44: =H44/(C44-(IF(B44>TODAY(),B44,TODAY()))) -> 21.251613 | J44: =ROUND(I44/4,0) -> 5 | K44: 4
A45: Ducting & Insulation | B45: 46042 | C45: 46326 | D45: sqm | E45: 9830 | F45: 9633.4 | G45: =F45/E45 -> 0.98 | H45: =E45-F45 -> 196.6 | I45: =H45/(C45-(IF(B45>TODAY(),B45,TODAY()))) -> 8.9363636 | J45: =ROUND(I45/4,0) -> 2 | K45: 5
A46: Fire Piping installation | B46: 46032 | C46: 46358 | D46: Rm | E46: 8425 | F46: 5863.25 | G46: =F46/E46 -> 0.69593472 | H46: =E46-F46 -> 2561.75 | I46: =H46/(C46-(IF(B46>TODAY(),B46,TODAY()))) -> 47.439815 | J46: =ROUND(I46/4,0) -> 12 | K46: 8
A47: MGPS Copper Piping | B47: 46275 | C47: 46374 | D47: Rm | E47: 8263 | F47: 2523.12 | G47: =F47/E47 -> 0.30535157 | H47: =E47-F47 -> 5739.88 | I47: =H47/(C47-(IF(B47>TODAY(),B47,TODAY()))) -> 81.998286 | J47: =ROUND(I47/4,0) -> 20 | K47: 15
A48: PTTS Pipe installation | B48: 46305 | C48: 46361 | D48: Rm | E48: 820 | F48: 32.8 | G48: =F48/E48 -> 0.04 | H48: =E48-F48 -> 787.2 | I48: =H48/(C48-(IF(B48>TODAY(),B48,TODAY()))) -> 14.057143 | J48: =ROUND(I48/4,0) -> 4 | K48: 3
A49: Under deck Insulation | B49: 46327 | C49: 46361 | D49: sqm | E49: 3121 | F49: 0 | G49: =F49/E49 -> 0 | H49: =E49-F49 -> 3121 | I49: =H49/(C49-(IF(B49>TODAY(),B49,TODAY()))) -> 91.794118 | J49: =ROUND(I49/4,0) -> 23 | K49: 16
A50: Second Fix
A51: Wiring | B51: 46268 | C51: 46353 | D51: Rm | E51: 58034 | F51: 12767.48 | G51: =F51/E51 -> 0.22 | H51: =E51-F51 -> 45266.52 | I51: =H51/(C51-(IF(B51>TODAY(),B51,TODAY()))) -> 923.80653 | J51: 27 | K51: 18
A52: Cable Laying & Panel Instt. | B52: 46270 | C52: 46347 | D52: Rm | E52: 23078 | F52: 9773.86 | G52: =F52/E52 -> 0.42351417 | H52: =E52-F52 -> 13304.14 | I52: =H52/(C52-(IF(B52>TODAY(),B52,TODAY()))) -> 309.3986 | J52: 23 | K52: 15
A53: UPS Installation | B53: 46361 | C53: 46376 | D53: No. | E53: 4 | F53: 0 | G53: =F53/E53 -> 0 | H53: =E53-F53 -> 4 | I53: =H53/(C53-(IF(B53>TODAY(),B53,TODAY()))) -> 0.26666667 | J53: =ROUND(I53/4,0) -> 0 | K53: 0
A54: HVAC Pipe Testing | B54: 46230 | C54: 46365 | D54: Rm | E54: 2943 | F54: 1500.93 | G54: =F54/E54 -> 0.51 | H54: =E54-F54 -> 1442.07 | I54: =H54/(C54-(IF(B54>TODAY(),B54,TODAY()))) -> 23.640492 | J54: =ROUND(I54/4,0) -> 6 | K54: 0
A55: AHU Connection | B55: 46230 | C55: 46365 | D55: No. | E55: 48 | F55: 14 | G55: =F55/E55 -> 0.29166667 | H55: =E55-F55 -> 34 | I55: =H55/(C55-(IF(B55>TODAY(),B55,TODAY()))) -> 0.55737705 | J55: =ROUND(I55/4,0) -> 0 | K55: 0
A56: CAT 6 cabling | B56: 46189 | C56: 46364 | D56: Rm | E56: 58362 | F56: 28013.76 | G56: =F56/E56 -> 0.48 | H56: =E56-F56 -> 30348.24 | I56: =H56/(C56-(IF(B56>TODAY(),B56,TODAY()))) -> 505.804 | J56: 22 | K56: 19
A57: PA & FAS cabling | B57: 46189 | C57: 46353 | D57: Rm | E57: =21280+4620 -> 25900 | F57: 16317 | G57: =F57/E57 -> 0.63 | H57: =E57-F57 -> 9583 | I57: =H57/(C57-(IF(B57>TODAY(),B57,TODAY()))) -> 195.57143 | J57: 18 | K57: 17
A58: Fire Panel Installation | B58: 46305 | C58: 46321 | D58: No. | E58: 1 | F58: 0 | G58: =F58/E58 -> 0 | H58: =E58-F58 -> 1 | I58: =H58/(C58-(IF(B58>TODAY(),B58,TODAY()))) -> 0.0625 | J58: =ROUND(I58/4,0) -> 0 | K58: 0
A59: Network Switch | B59: 46310 | C59: 46367 | D59: No. | E59: 14 | F59: 0 | G59: =F59/E59 -> 0 | H59: =E59-F59 -> 14 | I59: =H59/(C59-(IF(B59>TODAY(),B59,TODAY()))) -> 0.24561404 | J59: =ROUND(I59/4,0) -> 0 | K59: 0
A60: Final Fixture | B60: 46346 | C60: 46366 | D60: Lot | E60: 1 | F60: 0 | G60: =F60/E60 -> 0 | H60: =E60-F60 -> 1 | I60: =H60/(C60-(IF(B60>TODAY(),B60,TODAY()))) -> 0.05 | J60: =ROUND(I60/4,0) -> 0 | K60: 0
A61: Terrace
A62: PHE Piping installation | B62: 46310 | C62: 46351 | D62: Rm | E62: 2250 | F62: 1012.5 | G62: 0.45 | H62: =E62-F62 -> 1237.5 | I62: =H62/(C62-(IF(B62>TODAY(),B62,TODAY()))) -> 30.182927 | J62: =ROUND(I62/10,0) -> 3 | K62: 5
A63: Cable Tray Installation | B63: 46310 | C63: 46347 | D63: Rm | E63: 756 | F63: 756 | G63: 1 | H63: =E63-F63 -> 0 | I63: =H63/(C63-(IF(B63>TODAY(),B63,TODAY()))) -> 0 | J63: =ROUND(I63/10,0) -> 0 | K63: 0
A64: Solar Panel Installation | B64: 46331 | C64: 46372 | D64: No. | E64: 128 | F64: 0 | G64: 0 | H64: =E64-F64 -> 128 | I64: =H64/(C64-(IF(B64>TODAY(),B64,TODAY()))) -> 3.1219512 | J64: =ROUND(I64/10,0) -> 0 | K64: 0
A65: Lift Installation with slow speed
A66: 2 Nos. | B66: 46295 | C66: 46331 | D66: No. | E66: 2 | G66: 0.07 | H66: =100%-G66 -> 0.93 | I66: =(1-H66)*E66/(C66-(IF(B66>TODAY(),B66,TODAY()))) -> 0.0051851852 | J66: 4 | K66: 6
A67: 1 Nos. | B67: 46302 | C67: 46344 | D67: No. | E67: 1 | G67: 0 | H67: =100%-G67 -> 1 | I67: =(1-H67)*E67/(C67-(IF(B67>TODAY(),B67,TODAY()))) -> 0 | J67: 0
A68: 2 Nos. | B68: 46306 | C68: 46354 | D68: No. | E68: 2 | G68: 0 | H68: =100%-G68 -> 1 | I68: =(1-H68)*E68/(C68-(IF(B68>TODAY(),B68,TODAY()))) -> 0 | J68: 0
A69: 2 Nos. | B69: 46341 | C69: 46377 | D69: No. | E69: 2 | G69: 0 | H69: =100%-G69 -> 1 | I69: =(1-H69)*E69/(C69-(IF(B69>TODAY(),B69,TODAY()))) -> 0 | J69: 0
A70: 2 Nos. | B70: 46319 | C70: =B70+45 -> 46364 | D70: No. | E70: 2 | G70: 0 | H70: =100%-G70 -> 1 | I70: =(1-H70)*E70/(C70-(IF(B70>TODAY(),B70,TODAY()))) -> 0 | J70: 0
A71: 2 Nos. (Dumb waiter) | B71: 46323 | C71: =B71+50 -> 46373 | D71: No. | E71: 2 | G71: 0 | H71: =100%-G71 -> 1 | I71: =(1-H71)*E71/(C71-(IF(B71>TODAY(),B71,TODAY()))) -> 0 | J71: 0
A72: Permanent Power
A73: ESS1 to EMR Cable laying | B73: 46275 | C73: 46303
A74: Main LT Panel Energisation | B74: 46320 | C74: 46336
A75: Rising Main | B75: 46323 | C75: 46341
A76: Testing with Permanent Power / Completion
A77: Lift | B77: 46357 | C77: 46380
A78: IT/Data Services | B78: 46351 | C78: 46376
A79: Fire Control System | B79: 46361 | C79: 46380
A80: HVAC System | B80: 46346 | C80: 46376
G1048544: =VLOOKUP(A1048544,'EMR - Activity wise'!$A$7:$E$83,5,FALSE) -> #N/A

Sheet Academic
B1: ACADEMIC BUILDING
E2: Period Highlight: | G2: 46296 | J2: Plan Duration | M2: % Complete
B3: ACTIVITY | C3: PLAN START | D3: Target Date | E3: PERCENT COMPLETE | F3: Remarks | G3: PERIODS
G4: 45901 | H4: =EDATE(G4,1) -> 45931 | I4: =EDATE(H4,1) -> 45962 | J4: =EDATE(I4,1) -> 45992 | K4: =EDATE(J4,1) -> 46023 | L4: =EDATE(K4,1) -> 46054 | M4: =EDATE(L4,1) -> 46082 | N4: =EDATE(M4,1) -> 46113 | O4: =EDATE(N4,1) -> 46143 | ... V4: =EDATE(U4,1) -> 46357
B5: Structure | E5: 1
B6: Finishes
B7: Brickwork | C7: 45843 | D7: 46295 | E7: 0.95
B8: Plaster | C8: 45881 | D8: 46305 | E8: 0.84
B9: Aluminum Joineries | C9: 46091 | D9: 46371 | E9: 0.55
B10: Fire door frame & shutter | C10: 46072 | D10: 46371 | E10: 0.45
B11: Flooring & Dado | C11: 46063 | D11: 46356 | E11: 0.65
B12: False Ceiling | C12: 46193 | D12: 46356 | E12: 0.2
B13: a) Ground Floor
B14: b) First Floor
B15: c) Second Floor
B16: d) Third Floor
B17: SS Handrail
B18: Above Terrace
B19: OHT Waterproofing & Tiling
B20: LMR
B21: Terrace Waterproofing&HRT Tiles
B22: Pedestals
B23: Polycarbonate Sheet
B24: External (Shaft brickwork & Plaster)
... B34: Structural Glazing
B35: Elevation A | C35: =C30+5 -> 5 | D35: 46315 | E35: 0
B36: Elevation B | C36: =C31+5 -> 5 | D36: 46331 | E36: 0
B37: Elevation C | C37: =C32+5 -> 5 | D37: 46348 | E37: 0
B38: Elevation D | C38: =C33+5 -> 5 | D38: 46361 | E38: 0
B39: MEP
B40: Second Fix
B41: Electrical | C41: 46252 | D41: 46366 | E41: 0.39
B42: PHE | C42: 46231 | D42: 46382 | E42: 0.42
B43: HVAC | C43: 46203 | D43: 46374 | E43: 0.58
B44: Firefighting | C44: 46217 | D44: 46376 | E44: 0.41
B45: ELV | C45: 46237 | D45: 46381 | E45: 0.35
B46: Final Fixture
B47: Electrical
B48: PHE
B49: HVAC
B50: Firefighting
B51: ELV
B52: MGPS
B53: PTTS
B54: Terrace
B55: Solar Panel Installation
B56: DDC Panel Installation
B57: Booster Panel Installation
... B63: Lift Installation

Sheet EMR - Activity wise
A1: EMERGENCY BUILDING - 396 Workmen
A3: ACTIVITY | B3: PLAN / ACTUAL START | C3: TARGET DATE | D3: % COMPLETE ON 24.09.26 | E3: % COMPLETE ON 29.09.26 | F3: REMARKS | G3: 46174 | H3: =EDATE(G3,1) -> 46204 | I3: =EDATE(H3,1) -> 46235 | J3: =EDATE(I3,1) -> 46266 | K3: =EDATE(J3,1) -> 46296 | L3: =EDATE(K3,1) -> 46327 | M3: =EDATE(L3,1) -> 46357
A5: Structure | D5: 1 | E5: =D5 -> 1
A6: Finishes
A7: Brickwork | B7: 45938 | C7: 46320 | D7: 0.95 | E7: 0.96
A8: Internal Plaster | B8: 46032 | C8: 46336 | D8: 0.75 | E8: 0.78
A9: Joineries | B9: 46102 | C9: 46371 | D9: 0.55 | E9: 0.57
A10: Fire door frame & shutter | B10: 46102 | C10: =VLOOKUP(A10,[4]EMR!$B$7:$D$131,3,FALSE) -> 46371 | D10: 0.45
A11: Flooring & Dado | B11: 46073 | C11: =VLOOKUP(A11,[4]EMR!$B$7:$D$131,3,FALSE) -> 46356 | D11: 0.75 | E11: 0.79
A12: False Ceiling | B12: 46323 | C12: 46378 | D12: 0 | F12: Material delivery by 25th Oct.
A13: Lift lobby | B13: 46315 | C13: 46376 | D13: 0 | F13: Material Available
A14: Interior Works | B14: 46344 | C14: 46384 | D14: 0 | F14: Material delivery from 15th Nov
A15: SS Handrail | B15: 46336 | C15: 46376 | D15: 0 | F15: Material delivery from 5th Nov.
A16: OT Rooms
A17: Ground Floor ( 2 Nos.)
A18: Civil Work | B18: 46167 | C18: 46262 | D18: 1 | E18: =D18 -> 1
A19: OT Works | B19: 46262 | C19: 46344 | D19: 0.35 | E19: 0.38 | F19: Material Available
A20: 2nd Floor (2 Nos.)
A21: Civil Work | B21: 46193 | C21: 46298 | D21: 0.95 | E21: 0.96
A22: OT Works | B22: 46298 | C22: 46361 | D22: 0 | E22: =D22 -> 0 | F22: Material Available
A23: 3rd Floor (12 Nos.)
A24: Civil Work | B24: 46208 | C24: 46325 | D24: 0.25 | E24: 0.27
A25: OT Works | B25: 46325 | C25: 46387 | D25: 0 | E25: =D25 -> 0 | F25: Material Available
A26: CSSD Room
A27: Civil Work | B27: 46213 | C27: 46264 | D27: 1 | E27: =D27 -> 1
A28: Service Oriented Work | B28: 46266 | C28: 46351 | D28: 0.52 | E28: 0.54
A29: Above Terrace
A30: Staircase - Head Room | B30: 46280 | C30: 46325 | D30: 0.25 | E30: 0.33
A31: Over Head Tank | B31: 46290 | C31: 46327 | D31: 0.35 | E31: 0.42
A32: Terrace Waterproofing | B32: 46272 | C32: 46338 | D32: 0.65 | E32: 0.68
A33: Truss & Polycarbonate Sheet | B33: 46270 | C33: 46320 | D33: 0.6 | E33: 0.64 | F33: Truss erected. Sheet fixing works in progress
A34: External
A35: Elevation A | B35: 46239 | C35: 46355 | D35: 0.35 | E35: 0.38
A36: Elevation B | B36: 46252 | C36: 46368 | D36: 0.1 | E36: 0.14
A37: Elevation C | B37: 46270 | C37: 46384 | D37: 0.05 | E37: 0.08
A38: Elevation D | B38: 46244 | C38: 46386 | D38: 0.15 | E38: 0.17
A39: Fascia Beam | B39: 46267 | C39: 46346 | D39: 0.19 | E39: 0.24
A40: Mechanical Electrical Plumbing ( MEP)
A41: First Fixtures
A42: Cable Tray Installation | B42: 46034 | C42: 46275 | D42: 1 | E42: =D42 -> 1
A43: CI/GI Piping | B43: 46049 | C43: 46366 | D43: 0.6 | E43: 0.64
A44: Ducting & Insulation | B44: 46042 | C44: 46326 | D44: 0.97 | E44: 0.98
A45: Fire Piping installation | B45: 46032 | C45: 46358 | D45: 0.65 | E45: 0.69
A46: MGPS Copper Piping | B46: 46275 | C46: 46374 | D46: 0.2 | E46: 0.24 | F46: Material Available
A47: PTTS Pipe installation | B47: 46305 | C47: 46361 | D47: 0 | F47: Material Available
A48: Under deck Insulation | B48: 46327 | C48: 46361 | D48: 0 | F48: Material Available
A49: Second Fix
A50: Wiring | B50: 46268 | C50: 46353 | D50: 0.15 | E50: 0.18
A51: Cable Laying & Panel Instt. | B51: 46270 | C51: 46347 | D51: 0.32 | E51: 0.37
A52: UPS Installation | B52: 46361 | C52: 46376 | D52: 0 | F52: Material Available
A53: Cistern & Sensor Fixing | B53: 46223 | C53: 46336 | D53: 0.39 | E53: 0.42
A54: HVAC Pipe Testing | B54: 46230 | C54: 46365 | D54: 0.45 | E54: 0.47
A55: AHU Connection | B55: 46230 | C55: 46365 | D55: 0.22 | E55: 0.25
A56: CAT 6 cabling | B56: 46189 | C56: 46364 | D56: 0.37 | E56: 0.42
A57: PA & FAS cabling | B57: 46189 | C57: 46353 | D57: 0.6 | E57: 0.63
A58: Fire Panel Installation | B58: 46305 | C58: 46321 | D58: 0 | F58: Material Available
A59: Network Switch | B59: 46310 | C59: 46367 | D59: 0 | F59: Material Available
A60: Final Fixture | B60: 46346 | C60: 46366 | D60: 0 | F60: e.g., switch socket and light fixtures, Fire Alarm & PA devices, etc.
A61: Terrace
A62: PHE Piping installation | B62: 46310 | C62: 46351 | D62: 0
A63: Cable Tray Installation | B63: 46310 | C63: 46347 | D63: 0
A64: Solar Panel Installation | B64: 46331 | C64: 46372 | D64: 0
A65: OHT | B65: 46331 | C65: 46366 | D65: 0.35 | E65: 0.41
A66: Terrace Waterproofing | B66: 46275 | C66: 46361 | D66: 0.75 | E66: 0.77
A67: Truss with Polycarbonate Sheet | B67: 46295 | C67: 46341 | D67: 0
A68: Lift Installation with slow speed
A69: 2 Nos. | B69: 46295 | C69: 46331 | D69: 0 | F69: Civil Clearance given. Mat Avl.
A70: 1 Nos. | B70: 46302 | C70: 46344 | D70: 0 | F70: Civil Clearance given. Mat Avl.
A71: 2 Nos. | B71: 46306 | C71: 46354 | D71: 0 | F71: Material Available
A72: 2 Nos. | B72: 46341 | C72: 46377 | D72: 0 | F72: Material Available
A73: 2 Nos. | B73: 46319 | C73: =B73+45 -> 46364 | D73: 0 | F73: Material Available
A74: 2 Nos. (Dumb waiter) | B74: 46323 | C74: =B74+50 -> 46373 | D74: 0 | F74: Material Available
A75: Permanent Power
A76: ESS1 to EMR Cable laying | B76: 46275 | C76: 46303 | D76: 0.25 | E76: 0.29
A77: Main LT Panel Energisation | B77: 46320 | C77: 46336 | D77: 0 | F77: Material available
A78: Rising Main | B78: 46323 | C78: 46341 | D78: 0 | F78: Material available
A79: Testing with Permanent Power / Completion
A80: Lift | B80: 46357 | C80: 46380
A81: IT/Data Services | B81: 46351 | C81: 46376
A82: Fire Control System | B82: 46361 | C82: 46380
A83: HVAC System | B83: 46346 | C83: 46376

Sheet Academic (2)
A1: ACADEMIC BUILDING
I2: Plan Duration | L2: % Complete
A3: ACTIVITY | B3: PLAN / ACTUAL START | C3: TARGET DATE | D3: PERCENT COMPLETE | E3: REMARKS
F4: 46174 | G4: =EDATE(F4,1) -> 46204 | H4: =EDATE(G4,1) -> 46235 | I4: =EDATE(H4,1) -> 46266 | J4: =EDATE(I4,1) -> 46296 | K4: =EDATE(J4,1) -> 46327 | L4: =EDATE(K4,1) -> 46357
A5: Structure | D5: 1
A6: Finishes
A7: Brickwork | B7: 45843 | C7: 46305 | D7: 0.95
A8: Internal Plaster | B8: 45881 | C8: 46315 | D8: 0.84
A9: Joineries | B9: 46091 | C9: 46371 | D9: 0.55
A10: Flooring & Dado | B10: 46063 | C10: 46356 | D10: 0.65
A11: False Ceiling | B11: 46193 | C11: 46374 | D11: 0.2
A12: a) Ground Floor
A13: b) First Floor
A14: c) Second Floor
A15: d) Third Floor
A16: Interior Works | B16: 46344 | C16: 46384 | D16: 0 | E16: Material delivery from 15th Nov
A17: SS Handrail | B17: 46336 | C17: 46376 | D17: 0 | E17: Material delivery from 5th Nov.
A18: External
A19: Elevation A | B19: 46239 | C19: 46355 | D19: 0.45
A20: Elevation B | B20: 46252 | C20: 46368 | D20: 0.12
A21: Elevation C | B21: 46270 | C21: 46384 | D21: 0.28
A22: Elevation D | B22: 46244 | C22: 46386 | D22: 0.41
A23: Mechanical Electrical Plumbing ( MEP)
A24: First Fixtures
A25: CI/GI Piping | B25: 46223 | C25: 46382 | D25: 0.45
A26: Fire Piping installation | B26: 46202 | C26: 46371 | D26: 0.52
A27: Second Fix
A28: Wiring | B28: 46252 | C28: 46366 | D28: 0.22
A29: Cable Laying & Panel Instt. | B29: 46263 | C29: 46336 | D29: 0.55
A30: Dropper Installation | B30: 46275 | C30: 46370 | D30: 0.14
A31: AHU Connection | B31: 46195 | C31: 46341 | D31: 0.82
A32: Wet Riser & FHC installation | B32: 46231 | C32: 46377 | D32: 0.42
A33: CAT 6 cabling | B33: 46203 | C33: 46374 | D33: 0.58
A34: PA & FAS cabling | B34: 46217 | C34: 46376 | D34: 0.41
A35: Network Switch | B35: 46237 | C35: 46378 | D35: 0.35
A36: Lift Installation with slow speed
A37: 2 Nos. | B37: =C37-45 -> 46232 | C37: 46277 | D37: 1
A38: 2 Nos. | B38: 46307 | C38: =B38+50 -> 46357 | D38: 0 | E38: Material available
A39: 2 Nos. | B39: 46313 | C39: =B39+50 -> 46363 | D39: 0 | E39: Material available
A40: Permanent Power
A41: ESS1 to Academic Cable Laying | B41: 46275 | C41: 46303 | D41: 0.28
A42: Main LT Panel Energisation | B42: 46320 | C42: 46336 | D42: 0 | E42: Material available
A43: Rising Main | B43: 46323 | C43: 46341 | D43: 0 | E43: Material available
A44: Testing with Permanent Power / Completion
A45: Lift | B45: 46357 | C45: 46380
A46: IT/Data Services | B46: 46351 | C46: 46376
A47: Fire Control System | B47: 46361 | C47: 46380
A48: HVAC System | B48: 46346 | C48: 46376

Sheet Type 4
A1: TYPE 4 BUILDING
H2: % Complete | K2: Plan Duration
A3: ACTIVITY | B3: PLAN / ACTUAL START | C3: TARGET DATE | D3: PERCENT COMPLETE | E3: REMARKS
F4: 46174 | G4: =EDATE(F4,1) -> 46204 | H4: =EDATE(G4,1) -> 46235 | I4: =EDATE(H4,1) -> 46266 | J4: =EDATE(I4,1) -> 46296 | K4: =EDATE(J4,1) -> 46327 | L4: =EDATE(K4,1) -> 46357
A5: Structure | D5: 1
A6: Finishes
A7: Brickwork | B7: 46143 | C7: 46275 | D7: 1
A8: Internal Plaster | B8: 46170 | C8: 46284 | D8: 1
A9: Joineries | B9: 46190 | C9: 46341 | D9: 0.29
A10: Flooring & Dado | B10: 46242 | C10: 46336 | D10: 0.55
A11: False Ceiling | B11: 46285 | C11: 46315 | D11: 0
A12: Lift Lobby Cladding | B12: 46315 | C12: 46335 | D12: 0
A13: SS Handrail | B13: 46296 | C13: 46346 | D13: 0
A14: Putty + Paint | B14: 46267 | C14: 46346 | D14: 0.25
A15: External
A16: External Plaster | B16: 46185 | C16: 46290 | D16: 0.95
A17: External Shaft | B17: 46212 | C17: 46325 | D17: 0.55
A18: Above Terrace
A19: Over Head Tank | B19: 46262 | C19: 46301 | D19: ='UG MALE backup'!E48/'UG MALE backup'!D48 -> 0
A20: Terrace Waterproofing | B20: 46283 | C20: 46295 | D20: 0.2
A21: Mechanical Electrical Plumbing ( MEP)
A22: Frist Fix
A23: Electrical | B23: 46163 | C23: 46290 | D23: 0.96
A24: PHE | B24: 46149 | C24: 46295 | D24: 0.88
A25: Firefighting | B25: 46215 | C25: 46291 | D25: 0.9
A26: ELV | B26: 46224 | C26: 46295 | D26: 0.67
A27: Second Fix
A28: Electrical | B28: 46296 | C28: 46343 | D28: 0
A29: PHE | B29: 46263 | C29: 46284 | D29: 1
A30: HVAC | B30: 46325 | C30: 46341 | D30: 0
A31: Firefighting | B31: 46296 | C31: 46310 | D31: 0
A32: ELV | B32: 46325 | C32: 46351 | D32: 0
A33: Final Fixture
A34: Electrical | B34: 46277 | C34: 46351 | D34: 0.1
A35: PHE | B35: 46327 | C35: 46356 | D35: 0
A36: HVAC | B36: 46336 | C36: 46356 | D36: 0
A37: Firefighting | B37: 46327 | C37: 46336 | D37: 0
A38: ELV | B38: 46337 | C38: 46346 | D38: 0
A39: Terrace
A40: PHE Piping installation | B40: 46296 | C40: 46315 | D40: 0
A41: Solar Panel Installation | B41: 46336 | C41: 46345 | D41: 0
A42: DDC Panel Installation | B42: 46346 | C42: 46356 | D42: 0
A43: Booster Panel Installation | B43: 46346 | C43: 46356 | D43: 0
A44: Lift Installation with slow speed
A45: 1 Nos.
A46: 1 Nos.
A47: Testing with Permanent Power / Completion
A48: Lift
A49: IT/Data Services
A50: Fire Control System
A51: HVAC System

Sheet Type 5
B1: TYPE 5 BUILDING
E2: Period Highlight: | G2: 46266 | J2: Plan Duration | M2: % Complete
B3: ACTIVITY | C3: PLAN START | D3: Target Date | E3: PERCENT COMPLETE | F3: Remarks | G3: PERIODS
G4: 46113 | H4: =EDATE(G4,1) -> 46143 | I4: =EDATE(H4,1) -> 46174 | J4: =EDATE(I4,1) -> 46204 | K4: =EDATE(J4,1) -> 46235 | L4: =EDATE(K4,1) -> 46266 | M4: =EDATE(L4,1) -> 46296 | N4: =EDATE(M4,1) -> 46327 | O4: =EDATE(N4,1) -> 46357 | ... V4: =EDATE(U4,1) -> 46569
B5: Structure Above terrace | C5: 46130 | D5: 46295 | E5: 0.96 | F5: Parapet & OHT
B6: Finishes
B7: Brickwork | C7: 46191 | D7: 46290 | E7: 0.94
B8: Internal Plaster | C8: 46231 | D8: 46310 | E8: 0.58
B9: External Plaster | C9: 46251 | D9: 46315 | E9: 0.42
B10: Doors | D10: 46345 | E10: 0.32
B11: Windows | D11: 46376 | E11: 0.26
B12: Flooring & Dado | C12: 46296 | D12: 46340 | E12: 0
B13: False Ceiling | C13: 46285 | D13: 46315 | E13: 0
B14: a) Ground Floor | C14: 46211 | D14: =VLOOKUP(B14,[2]OPD!$B$1:$D$111,3,FALSE) -> 46310 | E14: 0.2
B15: b) First Floor | C15: =C14+25 -> 46236 | D15: =VLOOKUP(B15,[2]OPD!$B$1:$D$111,3,FALSE) -> 46323 | E15: 0
B16: c) Second Floor | C16: =C15+25 -> 46261 | D16: =VLOOKUP(B16,[2]OPD!$B$1:$D$111,3,FALSE) -> 46346 | E16: 0
B17: d) Third Floor | C17: =C16+25 -> 46286 | D17: =VLOOKUP(B17,[2]OPD!$B$1:$D$111,3,FALSE) -> 46371 | E17: 0
B18: Lift lobby cladding | C18: 46300 | D18: 46346 | E18: 0
B19: SS Handrail | C19: 46296 | D19: 46376 | E19: 0
B20: Putty + Paint | C20: 46267 | D20: 46386 | E20: 0.25
B21: Above Terrace
B22: OHT Waterproofing & Tiling | C22: 46262 | D22: 46301 | E22: ='UG MALE backup'!E48/'UG MALE backup'!D48 -> 0
B23: External (Shaft brickwork & Plaster) | C23: =MIN(C24:C27) -> 46101 | D23: =MAX(D24:D27) -> 46325 | E23: =AVERAGE(E24:E27) -> 0.5925
B24: Elevation A | C24: 46101 | D24: 46264 | E24: 1
B25: Elevation B | C25: 46183 | D25: 46305 | E25: 0.92
B26: Elevation C | C26: 46167 | D26: =VLOOKUP(B26,[2]OPD!$B$1:$D$111,3,FALSE) -> 46295 | E26: 0.45
B27: Elevation D | C27: 46193 | D27: =VLOOKUP(B27,[2]OPD!$B$1:$D$111,3,FALSE) -> 46325 | E27: 0
B28: Elevation A | C28: 46301 | D28: =VLOOKUP(B28,[2]OPD!$B$1:$D$111,3,FALSE) -> 46310 | E28: 0
B29: Elevation B | C29: 46285 | D29: =VLOOKUP(B29,[2]OPD!$B$1:$D$111,3,FALSE) -> 46305 | E29: 0
B30: Elevation C | C30: 46311 | D30: 46325 | E30: 0
B31: Elevation D | C31: 46327 | D31: 46341 | E31: 0
B32: Elevation A | C32: =C28+5 -> 46306 | D32: 46315 | E32: 0
B33: Elevation B | C33: =C29+5 -> 46290 | D33: 46331 | E33: 0
B34: Elevation C | C34: =C30+5 -> 46316 | D34: 46348 | E34: 0
B35: Elevation D | C35: =C31+5 -> 46332 | D35: 46361 | E35: 0
B36: Terrace waterproofing | C36: 46300 | D36: 46331 | E36: 0
B37: MEP
B38: Frist Fix
B39: Electrical | C39: 46215 | D39: 46336 | E39: 0.44
B40: PHE | C40: 46207 | D40: 46336 | E40: 0.39
B41: Firefighting | C41: 46305 | D41: 46336 | E41: 0
B42: ELV | C42: 46263 | D42: 46315 | E42: 0.49
B43: Second Fix
B44: Electrical | C44: 46310 | D44: 46371 | E44: 0
B45: PHE | C45: 46255 | D45: 46305 | E45: 0.24
B46: Firefighting | C46: 46296 | D46: 46315 | E46: 0
B47: ELV | C47: 46345 | D47: 46374 | E47: 0
B48: Final Fixture
B49: Electrical | C49: 46356 | D49: 46386 | E49: 0
B50: PHE | C50: 46356 | D50: 46385 | E50: 0
B51: Firefighting | C51: 46366 | D51: 46381 | E51: 0
B52: ELV | C52: 46376 | D52: 46386 | E52: 0
B53: Terrace
B54: PHE Piping installation | C54: 46327 | D54: 46356 | E54: 0
B55: Solar Panel Installation | C55: 46357 | D55: 46366 | E55: 0
B56: DDC Panel Installation | C56: 46366 | D56: 46376 | E56: 0
B57: Booster Panel Installation | C57: 46376 | D57: 46386 | E57: 0

Sheet Type 3
B1: TYPE 3BUILDING
E2: Period Highlight: | G2: 46266 | J2: Plan Duration | M2: % Complete
B3: ACTIVITY | C3: PLAN START | D3: Target Date | E3: PERCENT COMPLETE | F3: Remarks | G3: PERIODS
G4: 45901 | H4: =EDATE(G4,1) -> 45931 | I4: =EDATE(H4,1) -> 45962 | J4: =EDATE(I4,1) -> 45992 | K4: =EDATE(J4,1) -> 46023 | L4: =EDATE(K4,1) -> 46054 | M4: =EDATE(L4,1) -> 46082 | N4: =EDATE(M4,1) -> 46113 | O4: =EDATE(N4,1) -> 46143 | ... V4: =EDATE(U4,1) -> 46357
B5: Structure | E5: 1
B6: Finishes
B7: Plaster | C7: 46185 | D7: 46295 | E7: =('UG MALE backup'!E5+'UG MALE backup'!E7)/('UG MALE backup'!D5+'UG MALE backup'!D7) -> 0.35488004
B8: Doors | C8: 46280 | D8: 46310 | E8: 0.1
B9: Windows | C9: 46296 | D9: 46325 | E9: 0
B10: Flooring & Dado | C10: 46279 | D10: 46320 | E10: 0.1
B11: False Ceiling | C11: 46285 | D11: 46315 | E11: 0
B12: a) Ground Floor | C12: 46211 | D12: =VLOOKUP(B12,[2]OPD!$B$1:$D$111,3,FALSE) -> 46310 | E12: 0.2
B13: b) First Floor | C13: =C12+25 -> 46236 | D13: =VLOOKUP(B13,[2]OPD!$B$1:$D$111,3,FALSE) -> 46323 | E13: 0
B14: c) Second Floor | C14: =C13+25 -> 46261 | D14: =VLOOKUP(B14,[2]OPD!$B$1:$D$111,3,FALSE) -> 46346 | E14: 0
B15: d) Third Floor | C15: =C14+25 -> 46286 | D15: =VLOOKUP(B15,[2]OPD!$B$1:$D$111,3,FALSE) -> 46371 | E15: 0
B16: SS Handrail | C16: 46320 | D16: 46341 | E16: 0
B17: Putty + Paint | C17: 46267 | D17: 46346 | E17: 0.25
B18: Above Terrace
B19: OHT Waterproofing & Tiling | C19: 46262 | D19: 46301 | E19: ='UG MALE backup'!E48/'UG MALE backup'!D48 -> 0
B20: External (Shaft brickwork & Plaster) | C20: =MIN(C21:C24) -> 46101 | D20: =MAX(D21:D24) -> 46325 | E20: =AVERAGE(E21:E24) -> 0.5925
B21: Elevation A | C21: 46101 | D21: 46264 | E21: 1
B22: Elevation B | C22: 46183 | D22: 46305 | E22: 0.92
B23: Elevation C | C23: 46167 | D23: =VLOOKUP(B23,[2]OPD!$B$1:$D$111,3,FALSE) -> 46295 | E23: 0.45
B24: Elevation D | C24: 46193 | D24: =VLOOKUP(B24,[2]OPD!$B$1:$D$111,3,FALSE) -> 46325 | E24: 0
B25: Elevation A | C25: 46301 | D25: =VLOOKUP(B25,[2]OPD!$B$1:$D$111,3,FALSE) -> 46310 | E25: 0
B26: Elevation B | C26: 46285 | D26: =VLOOKUP(B26,[2]OPD!$B$1:$D$111,3,FALSE) -> 46305 | E26: 0
B27: Elevation C | C27: 46311 | D27: 46325 | E27: 0
B28: Elevation D | C28: 46327 | D28: 46341 | E28: 0
B29: Elevation A | C29: =C25+5 -> 46306 | D29: 46315 | E29: 0
B30: Elevation B | C30: =C26+5 -> 46290 | D30: 46331 | E30: 0
B31: Elevation C | C31: =C27+5 -> 46316 | D31: 46348 | E31: 0
B32: Elevation D | C32: =C28+5 -> 46332 | D32: 46361 | E32: 0
B33: MEP
B34: Frist Fix
B35: Electrical | C35: 46167 | D35: 46244 | E35: 1
B36: PHE | C36: 46154 | D36: 46236 | E36: 1
B37: Firefighting | C37: 46293 | D37: 46320 | E37: 0
B38: ELV | C38: 46187 | D38: 46305 | E38: 0.55
B39: Second Fix
B40: Electrical | C40: 46305 | D40: 46320 | E40: 0
B41: PHE | C41: 46303 | D41: 46320 | E41: 0
B42: HVAC | C42: 46309 | D42: 46320 | E42: 0
B43: Firefighting | C43: 46305 | D43: 46320 | E43: 0
B44: ELV | C44: 12-0ct | D44: 46320 | E44: 0
B45: Final Fixture
B46: Electrical | C46: 46315 | D46: 46331 | E46: 0
B47: PHE | C47: 46305 | D47: 46323 | E47: 0
B48: HVAC | C48: 46314 | D48: 46330 | E48: 0
B49: Firefighting | C49: 46310 | D49: 46320 | E49: 0
B50: ELV | C50: 18-oct` | D50: 46325 | E50: 0
B51: Terrace
B52: Solar Panel Installation | C52: 46311 | D52: 46324 | E52: 0
B53: DDC Panel Installation | C53: 46317 | D53: 46329 | E53: 0
B54: Booster Panel Installation | C54: 46313 | D54: 46320 | E54: 0

Sheet UG Female
B1: UG FEMALE
E2: Period Highlight: | G2: 46266 | J2: Plan Duration | M2: % Complete
B3: ACTIVITY | C3: PLAN START | D3: Target Date | E3: PERCENT COMPLETE | F3: Remarks | G3: PERIODS
G4: 45901 | H4: =EDATE(G4,1) -> 45931 | I4: =EDATE(H4,1) -> 45962 | J4: =EDATE(I4,1) -> 45992 | K4: =EDATE(J4,1) -> 46023 | L4: =EDATE(K4,1) -> 46054 | M4: =EDATE(L4,1) -> 46082 | N4: =EDATE(M4,1) -> 46113 | O4: =EDATE(N4,1) -> 46143 | ... V4: =EDATE(U4,1) -> 46357
B5: Structure | E5: 1
B6: Finishes
B7: Brickwork | C7: 46181 | D7: 46310 | E7: ='UGF backup'!E4/'UGF backup'!D4 -> 0.98662207
B8: Plaster | C8: 46222 | D8: 46315 | E8: =('UG MALE backup'!E5+'UG MALE backup'!E7)/('UG MALE backup'!D5+'UG MALE backup'!D7) -> 0.35488004
B9: Aluminum Joineries | C9: 46277 | D9: 46305 | E9: ='UG MALE backup'!E24/'UG MALE backup'!D24 -> 0
B10: Fire door frame & shutter | C10: 46296 | D10: 46305 | E10: ='UG MALE backup'!E27/'UG MALE backup'!D27 -> 0.46153846
B11: Flooring & Dado | C11: 46242 | D11: 46310 | E11: 0.75
B12: False Ceiling | C12: 46285 | D12: 46315 | E12: 0
B13: a) Ground Floor | C13: 46211 | D13: =VLOOKUP(B13,[2]OPD!$B$1:$D$111,3,FALSE) -> 46310 | E13: 0.2
B14: b) First Floor | C14: =C13+25 -> 46236 | D14: =VLOOKUP(B14,[2]OPD!$B$1:$D$111,3,FALSE) -> 46323 | E14: 0
B15: c) Second Floor | C15: =C14+25 -> 46261 | D15: =VLOOKUP(B15,[2]OPD!$B$1:$D$111,3,FALSE) -> 46346 | E15: 0
B16: d) Third Floor | C16: =C15+25 -> 46286 | D16: =VLOOKUP(B16,[2]OPD!$B$1:$D$111,3,FALSE) -> 46371 | E16: 0
B17: SS Handrail | C17: 46285 | D17: 46320 | E17: 0.05
B18: Above Terrace
B19: OHT Waterproofing & Tiling | C19: 46262 | D19: 46301 | E19: ='UG MALE backup'!E48/'UG MALE backup'!D48 -> 0
B20: External (Shaft brickwork & Plaster) | C20: =MIN(C21:C24) -> 46101 | D20: =MAX(D21:D24) -> 46325 | E20: =AVERAGE(E21:E24) -> 0.5925
B21: Elevation A | C21: 46101 | D21: 46264 | E21: 1
B22: Elevation B | C22: 46183 | D22: 46305 | E22: 0.92
B23: Elevation C | C23: 46167 | D23: =VLOOKUP(B23,[2]OPD!$B$1:$D$111,3,FALSE) -> 46295 | E23: 0.45
B24: Elevation D | C24: 46193 | D24: =VLOOKUP(B24,[2]OPD!$B$1:$D$111,3,FALSE) -> 46325 | E24: 0
B25: Elevation A | C25: 46301 | D25: =VLOOKUP(B25,[2]OPD!$B$1:$D$111,3,FALSE) -> 46310 | E25: 0
B26: Elevation B | C26: 46285 | D26: =VLOOKUP(B26,[2]OPD!$B$1:$D$111,3,FALSE) -> 46305 | E26: 0
B27: Elevation C | C27: 46311 | D27: 46325 | E27: 0
B28: Elevation D | C28: 46327 | D28: 46341 | E28: 0
B29: Elevation A | C29: =C25+5 -> 46306 | D29: 46315 | E29: 0
B30: Elevation B | C30: =C26+5 -> 46290 | D30: 46331 | E30: 0
B31: Elevation C | C31: =C27+5 -> 46316 | D31: 46348 | E31: 0
B32: Elevation D | C32: =C28+5 -> 46332 | D32: 46361 | E32: 0
B33: MEP
B34: Frist Fix
B35: Electrical
B36: Cable Tray Installation
B37: PHE
B38: CI Pipiing
B39: GI Piping
B40: HVAC
B41: Ducting & Insulation
B42: Firefighting
B43: Piping installation
B44: MGPS
... B106: Lift Installation

Sheet UGF backup
A1: UG Female Building Balance work Updated 10-09-2026
A2: SL no | B2: Activities | C2: UOM | D2: Scope | E2: Completed | F2: Balance | G2: Strike Date | H2: MEP Clearance | I2: Start Date | J2: Target completion date | K2: Remarks
A4: 1 | B4: Brick work | C4: CUM | D4: 1196 | E4: 1180 | F4: =D4-E4 -> 16 | I4: in progress | J4: 15-10-26 | K4: dipendency external scaffolding Plumbing work
A5: 3 | B5: Sand Plastering Internal | C5: Sqm | D5: 5234 | E5: 4900 | F5: =D5-E5 -> 334 | I5: in progress | J5: 20-10-26 | K5: The false ceiling material stored in the common room will need to be removed
A6: 4 | B6: Sand Plastering External | C6: Sqm | D6: 6051 | E6: 5800 | F6: =D6-E6 -> 251 | I6: in progress | J6: 30-10-26 | K6: Repair & MFH area
A7: 5 | B7: Gypsum Plaster | C7: Sqm | D7: 11938 | E7: 11638 | F7: =D7-E7 -> 300 | I7: in progress | J7: 30-09-26 | K7: Repair
A8: 6 | B8: Granite sill Jamb DW1 | C8: SQM | D8: 368 | E8: 368 | F8: =D8-E8 -> 0
A9: 6A | B9: Granite sill | C9: Nos | D9: 260 | E9: 230 | F9: =D9-E9 -> 30 | I9: in progress | J9: 15-10-26 | K9: only fire door & shaft
A10: 6B | B10: Granite sill window | C10: Nos | D10: 42 | E10: 32 | F10: =D10-E10 -> 10 | I10: in progress | J10: 46325
A11: 7 | B11: Granite Dado | C11: Sqm | D11: 105 | E11: 0 | F11: =D11-E11 -> 105 | I11: aftter lift fixing | J11: 46336 | K11: after lift completion
A12: 8 | B12: Granite Flooring | C12: Sqm | D12: 125 | E12: 0 | F12: =D12-E12 -> 125 | I12: after lift fixing | J12: 46337 | K12: after lift completion
A13: 8B | B13: Granite counter | C13: Sqm | D13: 35 | E13: 4 | F13: =D13-E13 -> 31 | I13: in progress | J13: 15-09-26 | K13: work in progress
A14: 2 | B14: Sub Frame - Door | C14: Nos | D14: 137 | E14: 137 | F14: =D14-E14 -> 0
A15: 9 | B15: Door Frame Room | C15: Nos | D15: 137 | E15: 137 | F15: =D15-E15 -> 0
A16: 10 | B16: Flooring Tile | C16: Sqm | D16: 4646 | E16: 0 | F16: =D16-E16 -> 4646 | H16: font available | I16: 15-09-26 | J16: 25-10-26 | K16: Agency required
A17: 10A | B17: Tile grouting | C17: Sqm | D17: ;4646 | E17: 0 | F17: =D17-E17 -> #VALUE! | I17: 46327 | J17: 20-11-26 | K17: Agency required
A18: 11 | B18: Skerting Tile | C18: RMT | D18: 2448 | E18: 0 | F18: =D18-E18 -> 2448 | H18: font available | I18: 15-09-26 | J18: 25-10-26 | K18: Agency required
A19: 12 | B19: Dado Toilet & Staircase | C19: Sqm | D19: 1350 | E19: 60 | F19: =D19-E19 -> 1290 | H19: font available | I19: 15-09-25 | J19: 30-10-26 | K19: Team Required & IWC fixing pending all toilet, Juan Dark 450*300 & yana dark 300* 450 tile not available in store
A20: 13 | B20: Kota stone flooring | C20: Sqm | D20: 110 | E20: 0 | F20: =D20-E20 -> 110 | H20: font available | I20: 15-09-26 | J20: 30-09-26 | K20: Kota stone reached
A21: 14 | B21: Internal Painting | C21: Sqm | D21: 17172 | E21: 0 | F21: =D21-E21 -> 17172 | I21: in progress | J21: 15-11-26 | K21: 1st coat putty startrd
A22: 15 | B22: External Painting | C22: Sqm | D22: 5457 | E22: 0 | F22: =D22-E22 -> 5457 | I22: 46296 | J22: 20-11-26 | K22: Team required
A23: 16 | B23: False ceiling | C23: Sqm | D23: 535 | E23: 0 | F23: =D23-E23 -> 535 | H23: MEP Clearence require | I23: 20-09-26 | J23: 20-10-26
A24: 17 | B24: Alu. Flush Door | C24: Nos | D24: 137 | E24: 0 | F24: =D24-E24 -> 137 | I24: 46277 | J24: 46305 | K24: Material available
A25: 18 | B25: WPC Door | C25: Nos | D25: 86 | E25: 0 | F25: =D25-E25 -> 86 | H25: front available | I25: 46277 | J25: 30-09-26 | K25: team required
A26: 19 | B26: Bison Door | C26: Nos | D26: 10 | E26: 0 | F26: =D26-E26 -> 10 | H26: front available | I26: Aproval pending | J26: 46336 | K26: materal and team required
A27: 20 | B27: Fire Door | C27: Nos | D27: 26 | E27: 12 | F27: =D27-E27 -> 14 | H27: Front available | I27: 46296 | J27: 46305 | K27: fire rated tennical issue by client
A28: 21 | B28: Alu. DW1 | C28: Nos | D28: 121 | E28: 0 | F28: =D28-E28 -> 121 | H28: Front available | I28: 15-09-26 | J28: 30-09-26 | K28: material not available
A29: 22 | B29: Alu.Windaw frame | C29: Nos | D29: 42 | E29: 14 | F29: =D29-E29 -> 28 | H29: Front available | I29: 15-09-26 | J29: 30-09-26 | K29: material not available
A30: 17B | B30: Alu. Flush Door DW1 | C30: Nos | D30: 121 | E30: 0 | F30: =D30-E30 -> 121 | H30: front available | I30: 15-09-26 | J30: 30-09-26 | K30: material not available
B31: GRC MS frame | C31: Nos | D31: 104 | E31: 75 | F31: =D31-E31 -> 29 | H31: front available 25 no | I31: 13-09-26 | J31: 16-09-26
A32: 23 | B32: GR01 jali | C32: Nos | D32: 104 | E32: 0 | F32: =D32-E32 -> 104 | H32: front available 99 no | I32: 46277 | J32: 25-09-26 | K32: MEP Clearence require
A33: 24 | B33: Bolcony Handrail | C33: Nos | D33: 121 | E33: 0 | F33: =D33-E33 -> 121 | H33: front available 99 no | I33: 25/09/1900 | J33: 25-10-2026 | K33: Material not received
A34: 25 | B34: Brick work | C34: RMT | D34: =121*4 -> 484 | E34: 0 | F34: 484 | I34: 26/09/1900 | J34: 26-10-2026
A35: 26 | B35: waterproofing | C35: Sqm | D35: =2.6*121 -> 314.6 | E35: 0 | F35: 242 | I35: 46296 | J35: 30-10-2026
A36: 27 | B36: Tiling | C36: Sqm | D36: 310 | E36: 0 | F36: 280 | I36: 46327 | J36: 15-11-2026
A37: 28 | B37: Granite top | C37: Sqm | D37: 97 | E37: 0 | F37: 96 | I37: 46327 | J37: 15-11-2026
A38: Terrace UG Female Building Balance work
A39: SL no | B39: Activities | C39: UOM | D39: Scope | E39: Completed | F39: Balance | G39: Strike Date | H39: MEP Clearance | I39: Start Date | J39: Target completion date | K39: Remarks
A41: 1 | B41: Brick work | C41: CUM | D41: 63 | E41: 63 | F41: =D41-E41 -> 0
A42: 2 | B42: Sand Plastering Internal | C42: Sqm | D42: 180 | E42: 180 | F42: =D42-E42 -> 0 | G42: =F42/31 -> 0
A43: 4 | B43: Sand Plastering External | C43: Sqm | D43: 200 | E43: 120 | F43: =D43-E43 -> 80 | G43: =F43/40 -> 2 | I43: 46317 | J43: 46336
A44: 5 | B44: Padistal for MEP PHE&HVAC | C44: Nos | D44: 6 | E44: 6 | F44: =D44-E44 -> 0 | G44: =F44/1 -> 0
A45: 6 | B45: Padistal for MEP solar | C45: Nos | D45: 52 | E45: 52 | F45: =D45-E45 -> 0 | G45: =F45/24 -> 0
A46: 7 | B46: Waterpoofing | C46: Sqm | D46: 990 | E46: 0 | F46: =D46-E46 -> 990 | G46: =F46/40 -> 24.75 | I46: work in progress | J46: 30-09-2026
A47: 8 | B47: Water tank waterprooging | C47: Sqm | D47: 90 | E47: 45 | F47: =D47-E47 -> 45 | I47: work in progress | J47: 20-09-2026
A48: 9 | B48: Water tank Tiling | C48: Sqm | D48: 90 | I48: 46032 | J48: 46305 | K48: Team Required
A49: 10 | B49: Door fixing | C49: Nos | D49: 3 | E49: 1 | F49: =D49-E49 -> 2 | G49: =F49/1 -> 2 | H49: front available | I49: 46063 | J49: 46244
A50: 11 | B50: Parapet Plaster | C50: Sqm | D50: 250 | E50: 150 | F50: =D50-E50 -> 100 | G50: =F50/24 -> 4.1666667 | H50: front available | I50: 46152 | J50: 46305
A51: 12 | B51: Painting | C51: Sqm | D51: 390 | E51: 0 | F51: =D51-E51 -> 390 | G51: =F51/40 -> 9.75 | I51: 15-10-2026 | J51: 15-11-2026
A52: 13 | B52: Manhole cover | C52: Nos | D52: 6 | E52: 0 | F52: =D52-E52 -> 6 | I52: 15-10-2026 | J52: 20-10-2026
A53: 14 | B53: SS Handrail | C53: RMT | D53: 16 | E53: 0 | F53: =D53-E53 -> 16 | I53: 46033 | J53: 46153
A54: 15 | B54: Ladder | C54: RMT | D54: 4 | E54: 4 | F54: =D54-E54 -> 0 | G54: =F54/1 -> 0
A55: 16 | B55: Parapet granite Top | C55: RMT | D55: 380 | E55: 0 | F55: 380 | I55: 46336 | J55: 20-10-2026
A56: 17 | B56: Dog house Brick work with cover slab | C56: Nos | D56: 11 | E56: 0 | F56: 0 | I56: 46305 | J56: 20-10-2026
A57: 18 | B57: MEP Pedistal By Brick work | C57: Nos | D57: 180 | E57: 0 | F57: 0 | I57: 46305 | J57: 15-11-2026
A58: 19 | B58: Above terrace painting work | C58: Sqm | D58: 170 | E58: 0 | F58: 0 | I58: 46305 | J58: 15-11-2026
A59: Staircase 01 UG Female Building Balance work
A60: SL no | B60: Activities | C60: UOM | D60: Scope | E60: Completed | F60: Balance | G60: Strike Date | H60: MEP Clearance | I60: Start Date | J60: Target completion date | K60: Remarks
A62: 2 | B62: Sand Plastering Internal | C62: Sqm | D62: 750 | E62: 700 | F62: =D62-E62 -> 50 | K62: Skerting repair
A63: 3 | B63: Kota stone flooring | C63: Sqm | D63: 90 | E63: 0 | F63: =D63-E63 -> 90 | I63: 16-09-2026 | J63: 26-10-2026
A64: 5 | B64: Kota stone Riser & Trade | C64: Sqm | D64: 113 | E64: 0 | F64: =D64-E64 -> 113 | I64: 16-09-2026 | J64: 26-10-2026
A65: 6 | B65: Handrail | C65: RMT | D65: 45 | I65: 46305 | J65: 20-10-2026 | K65: Material required
A66: 6 | B66: Wall Dado | C66: Sqm | D66: 135 | E66: 0 | F66: =D66-E66 -> 135 | I66: 15-10-2026 | J66: 30-10-2026
A67: 7 | B67: Painting | C67: Sqm | D67: 750 | I67: 46033 | J67: 15-11-2026
A68: Staircase 02 UG Female Building Balance work
A69: SL no | B69: Activities | C69: UOM | D69: Scope | E69: Completed | F69: Balance | G69: Strike Date | H69: MEP Clearance | I69: Start Date | J69: Target completion date | K69: Remarks
A71: 2 | B71: Sand Plastering Internal | C71: Sqm | D71: 750 | E71: 700 | F71: =D71-E71 -> 50 | K71: Skerting repair
A72: 3 | B72: Kota stone flooring | C72: Sqm | D72: 90 | E72: 0 | F72: =D72-E72 -> 90 | I72: 27-09-2026 | J72: 46213
A73: 5 | B73: Kota stone Riser & Trade | C73: Sqm | D73: 113 | E73: 0 | F73: =D73-E73 -> 113 | I73: 27-09-2026 | J73: 46213
A74: 6 | B74: Handrail | C74: RMT | D74: 45 | I74: 21-10-2026 | J74: 30-10-2026 | K74: Materila required
A75: 6 | B75: Wall Dado | C75: Sqm | D75: 135 | E75: 0 | F75: =D75-E75 -> 135 | I75: 46033 | J75: 15-11-2026
A76: 7 | B76: Painting | C76: Sqm | D76: 750 | I76: 15-11-2026 | J76: 30-11-2026

Sheet EMR 
B1: EMERGENCY BUILDING
E2: Period Highlight: | G2: 46296 | J2: Plan Duration | M2: % Complete
B3: ACTIVITY | C3: PLAN START | D3: Target Date | E3: PERCENT COMPLETE | F3: Remarks | G3: PERIODS
G4: 45901 | H4: =EDATE(G4,1) -> 45931 | I4: =EDATE(H4,1) -> 45962 | J4: =EDATE(I4,1) -> 45992 | K4: =EDATE(J4,1) -> 46023 | L4: =EDATE(K4,1) -> 46054 | M4: =EDATE(L4,1) -> 46082 | N4: =EDATE(M4,1) -> 46113 | O4: =EDATE(N4,1) -> 46143 | ... V4: =EDATE(U4,1) -> 46357
B5: Structure
B6: ST-03 | C6: 46280 | D6: 46310 | E6: 0.25
B7: ST-04 | C7: 46266 | D7: 46305 | E7: 0.05
B8: Fascia Beam | C8: 46267 | D8: 46356 | E8: 0.19
B9: Finishes
B10: Brickwork | C10: 45938 | D10: 46320 | E10: 0.95
B11: Plaster | C11: 46032 | D11: 46336 | E11: 0.75
B12: Joineries | C12: 46102 | D12: 46371 | E12: 0.55
B13: Fire door frame & shutter | C13: 46102 | D13: =VLOOKUP(B13,[4]EMR!$B$7:$D$131,3,FALSE) -> 46371 | E13: 0.45
B14: Flooring & Dado | D14: =VLOOKUP(B14,[4]EMR!$B$7:$D$131,3,FALSE) -> 46356 | E14: 0.75
B15: False Ceiling | C15: =MIN(C16:C19) -> 46211 | D15: =VLOOKUP(B15,[4]EMR!$B$7:$D$131,3,FALSE) -> 46370 | E15: =AVERAGE(E16:E19) -> 0.05
B16: a) Ground Floor | C16: 46211 | D16: =VLOOKUP(B16,[4]EMR!$B$7:$D$131,3,FALSE) -> #N/A | E16: 0.2
B17: b) First Floor | C17: =C16+25 -> 46236 | D17: =VLOOKUP(B17,[4]EMR!$B$7:$D$131,3,FALSE) -> #N/A | E17: 0
B18: c) Second Floor | C18: =C17+25 -> 46261 | D18: =VLOOKUP(B18,[4]EMR!$B$7:$D$131,3,FALSE) -> #N/A | E18: 0
B19: d) Third Floor | C19: =C18+25 -> 46286 | D19: =VLOOKUP(B19,[4]EMR!$B$7:$D$131,3,FALSE) -> #N/A | E19: 0
B20: SS Handrail | C20: 46336 | D20: 46376 | E20: 0
B21: OT Rooms
B25: Above Terrace
B26: OHT&Mummty | C26: 46290 | D26: =VLOOKUP(B26,[4]EMR!$B$7:$D$131,3,FALSE) -> 46310 | E26: 0.35
B27: OHT Waterproofing & Tiling | C27: 46315 | D27: =VLOOKUP(B27,[4]EMR!$B$7:$D$131,3,FALSE) -> 46327 | E27: =6/7 -> 0.85714286
B28: LMR | C28: 46078 | D28: =VLOOKUP(B28,[4]EMR!$B$7:$D$131,3,FALSE) -> 46311 | E28: 0.75
B29: Terrace Waterproofing&HRT Tiles | C29: 46272 | D29: =VLOOKUP(B29,[4]EMR!$B$7:$D$131,3,FALSE) -> 46320 | E29: 0.65
B30: Pedestals | C30: 46295 | D30: =VLOOKUP(B30,[4]EMR!$B$7:$D$131,3,FALSE) -> 46325 | E30: 0
B31: Polycarbonate Sheet | C31: 46300 | D31: =VLOOKUP(B31,[4]EMR!$B$7:$D$131,3,FALSE) -> 46320 | E31: 0
B32: External
B33: Shaft brickwork | C33: 46239 | D33: 46315 | E33: 0.35
B34: Plaster | C34: 46183 | D34: 46331 | E34: 0.92
B35: External Stone Cladding | C35: 46310 | D35: =C35+35 -> 46345 | E35: 0
B36: Structural Glazing | C36: 46323 | D36: 46366 | E36: 0
B37: Elevation A | C37: =#REF!+5 -> #REF! | D37: 46315 | E37: 0
B38: Elevation B | C38: =#REF!+5 -> #REF! | D38: 46331 | E38: 0
B39: Elevation C | C39: =#REF!+5 -> #REF! | D39: 46348 | E39: 0
B40: Elevation D | C40: =#REF!+5 -> #REF! | D40: 46361 | E40: 0
B41: MEP
B42: Frist Fix
B43: Electrical | C43: 45940 | D43: 46305 | E43: 0.86
B44: PHE | C44: 45930 | D44: 46315 | E44: 0.91
B45: HVAC | C45: 45979 | D45: 46285 | E45: 1
B46: Firefighting | C46: 45955 | D46: 46358 | E46: 0.75
B47: MGPS | C47: 46285 | D47: 46325 | E47: 0.05
B48: PTTS | C48: 46300 | D48: 46366 | E48: 0
B49: Second Fix
B50: Electrical | C50: 46191 | D50: 46386 | E50: 0.33
B51: PHE | C51: 46105 | D51: 46305 | E51: 0.45
B52: HVAC | C52: 46122 | D52: 46386 | E52: 0.29
B53: Firefighting | C53: 46185 | D53: 46305 | E53: 0.25
B54: ELV | C54: 46188 | D54: 46386 | E54: 0.15
B55: MGPS | C55: 46231 | D55: 46386 | E55: 0
B56: PTTS | C56: 46315 | D56: 46386 | E56: 0
B57: Final Fixture
B58: Electrical | C58: 46356 | D58: 46386 | E58: 0
B59: PHE | C59: 46354 | D59: 46386 | E59: 0
B60: HVAC | C60: 46320 | D60: 46386 | E60: 0
B61: Firefighting | C61: 46366 | D61: 46386 | E61: 0
B62: ELV | C62: 46356 | D62: 46386 | E62: 0
B63: MGPS | C63: 46351 | D63: 46386 | E63: 0
B64: PTTS | C64: 46366 | D64: 46386 | E64: 0
B65: Terrace
B66: Solar Panel Installation | C66: 46336 | D66: 46386 | E66: 0
B67: DDC Panel Installation | C67: 46338 | D67: 46386 | E67: 0
B68: Booster Panel Installation | C68: 46323 | D68: 46386 | E68: 0
B69: Shaft | D69: 46386
B70: PHE Piping | D70: 46386
B71: HVAC Ducting | D71: 46386
B72: Rising Main Installation | D72: 46386
B73: Cable Tray & Raceway installation | D73: 46386
B74: Lift Installation | C74: 46183 | D74: 46386 | E74: =4/7 -> 0.57142857

Sheet UG Male
B1: UG MALE
E2: Period Highlight: | G2: 46266 | J2: Plan Duration | M2: % Complete
B3: ACTIVITY | C3: PLAN START | D3: Target Date | E3: PERCENT COMPLETE | F3: Remarks | G3: PERIODS
G4: 45901 | H4: =EDATE(G4,1) -> 45931 | I4: =EDATE(H4,1) -> 45962 | J4: =EDATE(I4,1) -> 45992 | K4: =EDATE(J4,1) -> 46023 | L4: =EDATE(K4,1) -> 46054 | M4: =EDATE(L4,1) -> 46082 | N4: =EDATE(M4,1) -> 46113 | O4: =EDATE(N4,1) -> 46143 | ... V4: =EDATE(U4,1) -> 46357
B5: Structure | E5: 1
B6: Finishes
B7: Brickwork | C7: 46193 | D7: 46285 | E7: ='UG MALE backup'!E4/'UG MALE backup'!D4 -> 0.98745819
B8: Plaster | C8: 46222 | D8: 46315 | E8: =('UG MALE backup'!E5+'UG MALE backup'!E7)/('UG MALE backup'!D5+'UG MALE backup'!D7) -> 0.35488004
B9: Aluminum Joineries | C9: 46277 | D9: 46305 | E9: ='UG MALE backup'!E24/'UG MALE backup'!D24 -> 0
B10: Fire door frame & shutter | C10: 46296 | D10: 46305 | E10: ='UG MALE backup'!E27/'UG MALE backup'!D27 -> 0.46153846
B11: Flooring & Dado | C11: 46242 | D11: 46310 | E11: 0.75
B12: False Ceiling | C12: 46285 | D12: 46315 | E12: 0
B13: a) Ground Floor | C13: 46211 | D13: =VLOOKUP(B13,[2]OPD!$B$1:$D$111,3,FALSE) -> 46310 | E13: 0.2
B14: b) First Floor | C14: =C13+25 -> 46236 | D14: =VLOOKUP(B14,[2]OPD!$B$1:$D$111,3,FALSE) -> 46323 | E14: 0
B15: c) Second Floor | C15: =C14+25 -> 46261 | D15: =VLOOKUP(B15,[2]OPD!$B$1:$D$111,3,FALSE) -> 46346 | E15: 0
B16: d) Third Floor | C16: =C15+25 -> 46286 | D16: =VLOOKUP(B16,[2]OPD!$B$1:$D$111,3,FALSE) -> 46371 | E16: 0
B17: SS Handrail | C17: 46285 | D17: 46320 | E17: 0.05
B18: Above Terrace
B19: OHT Waterproofing & Tiling | C19: 46262 | D19: 46301 | E19: ='UG MALE backup'!E48/'UG MALE backup'!D48 -> 0
B20: External (Shaft brickwork & Plaster) | C20: =MIN(C21:C24) -> 46101 | D20: =MAX(D21:D24) -> 46325 | E20: =AVERAGE(E21:E24) -> 0.5925
B21: Elevation A | C21: 46101 | D21: 46264 | E21: 1
B22: Elevation B | C22: 46183 | D22: 46305 | E22: 0.92
B23: Elevation C | C23: 46167 | D23: =VLOOKUP(B23,[2]OPD!$B$1:$D$111,3,FALSE) -> 46295 | E23: 0.45
B24: Elevation D | C24: 46193 | D24: =VLOOKUP(B24,[2]OPD!$B$1:$D$111,3,FALSE) -> 46325 | E24: 0
B25: Elevation A | C25: 46301 | D25: =VLOOKUP(B25,[2]OPD!$B$1:$D$111,3,FALSE) -> 46310 | E25: 0
B26: Elevation B | C26: 46285 | D26: =VLOOKUP(B26,[2]OPD!$B$1:$D$111,3,FALSE) -> 46305 | E26: 0
B27: Elevation C | C27: 46311 | D27: 46325 | E27: 0
B28: Elevation D | C28: 46327 | D28: 46341 | E28: 0
B29: Elevation A | C29: =C25+5 -> 46306 | D29: 46315 | E29: 0
B30: Elevation B | C30: =C26+5 -> 46290 | D30: 46331 | E30: 0
B31: Elevation C | C31: =C27+5 -> 46316 | D31: 46348 | E31: 0
B32: Elevation D | C32: =C28+5 -> 46332 | D32: 46361 | E32: 0
B33: MEP
B34: Frist Fix
B35: Electrical
B36: Cable Tray Installation
B37: PHE
B38: CI Pipiing
B39: GI Piping
B40: HVAC
B41: Ducting & Insulation
B42: Firefighting
B43: Piping installation
B44: MGPS
... B106: Lift Installation

Sheet UG MALE backup
A1: UG Male Building Balance work Updated 17-09-2026
A2: SL no | B2: Activities | C2: UOM | D2: Scope | E2: Completed | F2: Balance | G2: Strike Date | H2: MEP Clearance | I2: Start Date | J2: Target completion date | K2: Remarks
A4: 1 | B4: Brick work | C4: CUM | D4: 1196 | E4: 1181 | F4: 8 | I4: in progress | J4: 46285
A5: 3 | B5: Sand Plastering Internal | C5: Sqm | D5: 5234 | E5: 4924 | F5: =D5-E5 -> 310 | I5: in progress | J5: 20-10-26 | K5: Only drinking area plaster
A6: 4 | B6: Sand Plastering External | C6: Sqm | D6: 6051 | E6: 5301 | F6: =D6-E6 -> 750 | I6: in progress | J6: 46287 | K6: In progress at MFH area and 2 shaft at D elevation
A7: 5 | B7: Gypsum Plaster | C7: Sqm | D7: 11938 | E7: 1170 | F7: =D7-E7 -> 10768 | I7: in progress | J7: 30-09-26 | K7: Repair work at skirting and dor jamb
A8: 6 | B8: Granite sill Jamb DW1 | C8: SQM | D8: 368 | E8: 348 | F8: =D8-E8 -> 20 | I8: in progress | J8: 20-10-26
A9: 6A | B9: Granite sill | C9: Nos | D9: 260 | E9: 220 | F9: =D9-E9 -> 40 | I9: in progress | J9: 15-10-26 | K9: only fire door & shaft
A10: 6B | B10: Granite sill window | C10: Nos | D10: 42 | E10: 35 | F10: =D10-E10 -> 7 | I10: in progress | J10: 20-10-26
A11: 7 | B11: Granite Dado | C11: Sqm | D11: 105 | E11: 0 | F11: =D11-E11 -> 105 | K11: Front available, Waiting for material
A12: 8 | B12: Granite Flooring | C12: Sqm | D12: 125 | E12: 0 | F12: =D12-E12 -> 125 | K12: Completed
A13: 8B | B13: Granite counter | C13: Sqm | D13: 35 | E13: 4 | F13: =D13-E13 -> 31 | I13: in progress | J13: 15-09-26 | K13: work in progress
A14: 2 | B14: Sub Frame - Door | C14: Nos | D14: 137 | E14: 137 | F14: =D14-E14 -> 0 | K14: Completed
A15: 9 | B15: Door Frame Room | C15: Nos | D15: 137 | E15: 137 | F15: =D15-E15 -> 0 | K15: Completed
A16: 10 | B16: Flooring Tile | C16: Sqm | D16: 4646 | E16: 3830 | F16: =D16-E16 -> 816 | I16: in progress | J16: 46305
A17: 10A | B17: Tile grouting | C17: Sqm | D17: 4646 | E17: 0 | F17: =D17-E17 -> 4646 | I17: in progress | J17: 46310
A18: 11 | B18: Skirting Tile | C18: RMT | D18: 2448 | E18: 1713 | F18: =D18-E18 -> 735 | I18: in progress | J18: 46305
A19: 12 | B19: Dado Toilet & Staircase | C19: Sqm | D19: 1350 | E19: 650 | F19: =D19-E19 -> 700 | I19: in progress | J19: 46305 | K19: Team Required & IWC fixing pending all toilet, Juan Dark 450*300 & yana dark 300* 450 tile not available in store
A20: 13 | B20: Kota stone flooring | C20: Sqm | D20: 110 | E20: 83 | F20: =D20-E20 -> 27 | I20: in progress | J20: 46295
A21: 14 | B21: Internal Painting | C21: Sqm | D21: 17172 | E21: 0 | F21: =D21-E21 -> 17172 | I21: in progress | J21: 46300 | K21: 1st coat putty in progress at 3rd floor
A22: 15 | B22: External Painting | C22: Sqm | D22: 5457 | E22: 0 | F22: =D22-E22 -> 5457 | I22: 46296 | J22: 20-11-26 | K22: Team required
A23: 16 | B23: False ceiling | C23: Sqm | D23: 535 | E23: 0 | F23: =D23-E23 -> 535 | H23: MEP Clearence require | I23: 20-09-26 | J23: 20-10-26 | K23: As per site required height is not available
A24: 17 | B24: Alu. Flush Door | C24: Nos | D24: 137 | E24: 0 | F24: =D24-E24 -> 137 | I24: 46277 | J24: 46305 | K24: Material available
A25: 18 | B25: WPC Door | C25: Nos | D25: 86 | E25: 0 | F25: =D25-E25 -> 86 | I25: in progress | J25: 30-09-26 | K25: work in progress
A26: 19 | B26: Bison Door | C26: Nos | D26: 10 | E26: 0 | F26: =D26-E26 -> 10 | H26: front available | K26: Approval & materal, team required
A27: 20 | B27: Fire Door | C27: Nos | D27: 26 | E27: 12 | F27: =D27-E27 -> 14 | H27: Front available | I27: 46296 | J27: 46305 | K27: fire rated tennical issue by client
A28: 21 | B28: Alu. DW1 | C28: Nos | D28: 121 | E28: 0 | F28: =D28-E28 -> 121 | H28: Front available | I28: 15-09-26 | J28: 30-09-26 | K28: material not available
A29: 22 | B29: Alu.Windaw frame | C29: Nos | D29: 42 | E29: 14 | F29: =D29-E29 -> 28 | H29: Front available | I29: 15-09-26 | J29: 30-09-26 | K29: material not available
A30: 17B | B30: Alu. Flush Door DW1 | C30: Nos | D30: 121 | E30: 0 | F30: =D30-E30 -> 121 | H30: front available | I30: 15-09-26 | J30: 30-09-26 | K30: material not available
B31: GRC MS frame | C31: Nos | D31: 104 | E31: 88 | F31: =D31-E31 -> 16 | J31: 16-09-26
A32: 23 | B32: GR01 jali | C32: Nos | D32: 104 | E32: 78 | F32: =D32-E32 -> 26 | J32: 46290 | K32: After Completion f External Plaster
A33: 24 | B33: Balcony Handrail | C33: Nos | D33: 121 | E33: 0 | F33: =D33-E33 -> 121 | K33: Need aproved GFC drawing
A34: 25 | B34: Brick work below railing & Outer Plaster | C34: RMT | D34: =121*4 -> 484 | E34: 0 | F34: 484 | K34: After Fixing of railing
A35: 26 | B35: waterproofing balcony | C35: Sqm | D35: 242 | E35: 0 | F35: 242 | K35: After Fixing of railing
A36: 27 | B36: Balcony Tiling | C36: Sqm | D36: 310 | E36: 0 | F36: 280 | K36: After Fixing of railing
A37: 28 | B37: Granite top | C37: Sqm | D37: 96 | E37: 0 | F37: 96 | K37: After Fixing of railing
A38: Terrace UG Male Building Balance work
A39: SL no | B39: Activities | C39: UOM | D39: Scope | E39: Completed | F39: Balance | G39: Strike Date | H39: MEP Clearance | I39: Start Date | J39: Target completion date | K39: Remarks
A41: 1 | B41: Brick work | C41: CUM | D41: 63 | E41: 63 | F41: =D41-E41 -> 0
A42: 2 | B42: Sand Plastering Internal | C42: Sqm | D42: 180 | E42: 180 | F42: =D42-E42 -> 0 | G42: =F42/31 -> 0
A43: 4 | B43: Sand Plastering External | C43: Sqm | D43: 200 | E43: 120 | F43: =D43-E43 -> 80 | G43: =F43/40 -> 2 | I43: 46298 | J43: 46318
A44: 5 | B44: Padistal for MEP PHE&HVAC - Rcc | C44: Nos | D44: 6 | E44: 6 | F44: =D44-E44 -> 0 | G44: =F44/1 -> 0
A45: 6 | B45: Padistal for MEP solar | C45: Nos | D45: 52 | E45: 52 | F45: =D45-E45 -> 0 | G45: =F45/24 -> 0
A46: 7 | B46: Waterpoofing | C46: Sqm | D46: 870 | E46: 870 | F46: =D46-E46 -> 0 | G46: =F46/40 -> 0
A47: 8 | B47: Water tank waterprooging | C47: Sqm | D47: 90 | E47: 90 | F47: =D47-E47 -> 0
A48: 9 | B48: Water tank Tiling | C48: Sqm | D48: 90 | F48: =D48-E48 -> 90 | I48: 46296 | J48: 6oct.
A49: 10 | B49: Door fixing | C49: Nos | D49: 3 | E49: 1 | F49: =D49-E49 -> 2 | G49: =F49/1 -> 2 | H49: front available | K49: fire rated tennical issue by client
A50: 11 | B50: Parapet Plaster | C50: Sqm | D50: 250 | E50: 250 | F50: =D50-E50 -> 0 | G50: =F50/24 -> 0 | H50: front available | I50: 46305 | J50: 15oct.
A51: 12 | B51: Painting | C51: Sqm | D51: 390 | E51: 0 | F51: =D51-E51 -> 390 | G51: =F51/40 -> 9.75 | I51: 46315 | J51: 30oct.
A52: 13 | B52: Manhole cover - Tank | C52: Nos | D52: 6 | E52: 0 | F52: =D52-E52 -> 6
A53: 14 | B53: SS/ MS Handrail - LMR stair | C53: RMT | D53: 16
A54: 15 | B54: Ladder | C54: RMT | D54: 4 | E54: 4 | F54: =D54-E54 -> 0 | G54: =F54/1 -> 0
A55: 16 | B55: Parapet granite Top | C55: RMT | D55: 380 | E55: 290 | F55: =D55-E55 -> 90 | I55: 46300 | J55: 46315
A56: 17 | B56: Dog house Brick work with cover slab | C56: Nos | D56: 11 | F56: =D56-E56 -> 11 | I56: 46289 | J56: 46305
A57: 18 | B57: MEP Pedistal - Brick work | C57: Nos | D57: 180 | E57: 140 | F57: =D57-E57 -> 40 | I57: 46285 | J57: 46290
A58: 19 | B58: Above terrace painting work | C58: Sqm | D58: 170 | F58: =D58-E58 -> 170 | I58: 46315 | J58: 30oct.
A59: Staircase 01 UG Male Building Balance work
A60: SL no | B60: Activities | C60: UOM | D60: Scope | E60: Completed | F60: Balance | G60: Strike Date | H60: MEP Clearance | I60: Start Date | J60: Target completion date | K60: Remarks
A62: 2 | B62: Sand Plastering Internal | C62: Sqm | D62: 750 | E62: 700 | F62: =D62-E62 -> 50 | I62: wip | J62: 46298 | K62: Skirting repair
A63: 3 | B63: Kota stone flooring | C63: Sqm | D63: 90 | E63: 90 | F63: =D63-E63 -> 0 | K63: Reparing balance
A64: 5 | B64: Kota stone Riser & Trade | C64: Sqm | D64: 113 | E64: 113 | F64: =D64-E64 -> 0 | K64: Reparing balance
A65: 6 | B65: SS/ MS Handrail | C65: RMT | D65: 45
A66: 6 | B66: Wall Dado | C66: Sqm | D66: 135 | E66: 70 | F66: =D66-E66 -> 65
A67: 7 | B67: Painting | C67: Sqm | D67: 750 | I67: 46315 | J67: 30oct.
A68: Staircase 02 UG Male Building Balance work
A69: SL no | B69: Activities | C69: UOM | D69: Scope | E69: Completed | F69: Balance | G69: Strike Date | H69: MEP Clearance | I69: Start Date | J69: Target completion date | K69: Remarks
A71: 2 | B71: Sand Plastering Internal | C71: Sqm | D71: 750 | E71: 700 | F71: =D71-E71 -> 50 | I71: wip | J71: 46295 | K71: Skirting repair
A72: 3 | B72: Kota stone flooring | C72: Sqm | D72: 90 | E72: 35 | F72: =D72-E72 -> 55 | I72: wip | J72: 46295
A73: 5 | B73: Kota stone Riser & Trade | C73: Sqm | D73: 113 | E73: 60 | F73: =D73-E73 -> 53 | I73: wip | J73: 46295
A74: 6 | B74: SS/ MS Handrail | C74: RMT | D74: 45
A75: 6 | B75: Wall Dado | C75: Sqm | D75: 135 | E75: 0 | F75: =D75-E75 -> 135 | I75: 46288 | J75: 46295
A76: 7 | B76: Painting | C76: Sqm | D76: 750 | I76: 46315 | J76: 46325

Sheet OPD  
B1: OPD BUILDING
E2: Period Highlight: | G2: 46296 | J2: Plan Duration | M2: % Complete
B3: ACTIVITY | C3: PLAN START | D3: Target Date | E3: PERCENT COMPLETE | F3: Remarks | G3: PERIODS
G4: 45901 | H4: =EDATE(G4,1) -> 45931 | I4: =EDATE(H4,1) -> 45962 | J4: =EDATE(I4,1) -> 45992 | K4: =EDATE(J4,1) -> 46023 | L4: =EDATE(K4,1) -> 46054 | M4: =EDATE(L4,1) -> 46082 | N4: =EDATE(M4,1) -> 46113 | O4: =EDATE(N4,1) -> 46143 | ... V4: =EDATE(U4,1) -> 46357
B5: Structure | E5: 1
B6: Finishes
B7: Brickwork | C7: 45910 | D7: 46305 | E7: 0.95
B8: Plaster | C8: 45991 | D8: =VLOOKUP(B$8,[2]OPD!$B$1:$D$111,3,FALSE) -> 46320 | E8: =('UG MALE backup'!E5+'UG MALE backup'!E7)/('UG MALE backup'!D5+'UG MALE backup'!D7) -> 0.35488004
B9: Joineries | C9: 46047 | D9: 46341 | E9: 0.55
B10: Fire door frame & shutter | C10: 46102 | D10: =VLOOKUP(B10,[2]OPD!$B$1:$D$111,3,FALSE) -> 46325 | E10: 0.45
B11: Flooring & Dado | D11: =VLOOKUP(B11,[2]OPD!$B$1:$D$111,3,FALSE) -> 46346 | E11: 0.75
B12: False Ceiling | C12: =MIN(C13:C16) -> 46211 | D12: =MAX(D13:D16) -> 46371 | E12: =AVERAGE(E13:E16) -> 0.05
B13: a) Ground Floor | C13: 46211 | D13: =VLOOKUP(B13,[2]OPD!$B$1:$D$111,3,FALSE) -> 46310 | E13: 0.2
B14: b) First Floor | C14: =C13+25 -> 46236 | D14: =VLOOKUP(B14,[2]OPD!$B$1:$D$111,3,FALSE) -> 46323 | E14: 0
B15: c) Second Floor | C15: =C14+25 -> 46261 | D15: =VLOOKUP(B15,[2]OPD!$B$1:$D$111,3,FALSE) -> 46346 | E15: 0
B16: d) Third Floor | C16: =C15+25 -> 46286 | D16: =VLOOKUP(B16,[2]OPD!$B$1:$D$111,3,FALSE) -> 46371 | E16: 0
B17: Lift facia granite | C17: 46252 | D17: =VLOOKUP(B17,[2]OPD!$B$1:$D$111,3,FALSE) -> 46351 | E17: 0
B18: SS Handrail | C18: 46310 | D18: =VLOOKUP(B18,[2]OPD!$B$1:$D$111,3,FALSE) -> 46355 | E18: 0
B19: Courtyard Plaster inc. Ramp | C19: 46228 | D19: =VLOOKUP(B19,[2]OPD!$B$1:$D$111,3,FALSE) -> 46325 | E19: 0.33
B20: Ramp Flooring | C20: 46290 | D20: =VLOOKUP(B20,[2]OPD!$B$1:$D$111,3,FALSE) -> 46351 | E20: 0
B21: Above Terrace
B22: OHT Waterproofing & Tiling | C22: 46225 | D22: 46351 | E22: 0.35
B23: LMR | C23: 46128 | D23: =VLOOKUP(B23,[2]OPD!$B$1:$D$111,3,FALSE) -> 46295 | E23: =6/7 -> 0.85714286
B24: Terrace Waterproofing&HRT Tiles | C24: 46239 | D24: 46361 | E24: 0.75
B25: Pedestals | C25: 46062 | D25: =VLOOKUP(B25,[2]OPD!$B$1:$D$111,3,FALSE) -> 46300 | E25: 0.65
B26: Polycarbonate Sheet | C26: 46295 | D26: =VLOOKUP(B26,[2]OPD!$B$1:$D$111,3,FALSE) -> 46315 | E26: 0
B27: External (Shaft brickwork & Plaster) | C27: =MIN(C28:C31) -> 46101 | D27: =MAX(D28:D31) -> 46325 | E27: =AVERAGE(E28:E31) -> 0.5925
B28: Elevation A | C28: 46101 | D28: 46264 | E28: 1
B29: Elevation B | C29: 46183 | D29: 46305 | E29: 0.92
B30: Elevation C | C30: 46167 | D30: =VLOOKUP(B30,[2]OPD!$B$1:$D$111,3,FALSE) -> 46295 | E30: 0.45
B31: Elevation D | C31: 46193 | D31: =VLOOKUP(B31,[2]OPD!$B$1:$D$111,3,FALSE) -> 46325 | E31: 0
B32: External Stone Cladding | C32: =MIN(C33:C36) -> 46285 | D32: =MAX(D33:D36) -> 46341 | E32: =AVERAGE(E33:E36) -> 0
B33: Elevation A | C33: 46301 | D33: =VLOOKUP(B33,[2]OPD!$B$1:$D$111,3,FALSE) -> 46310 | E33: 0
B34: Elevation B | C34: 46285 | D34: =VLOOKUP(B34,[2]OPD!$B$1:$D$111,3,FALSE) -> 46305 | E34: 0
B35: Elevation C | C35: 46311 | D35: 46325 | E35: 0
B36: Elevation D | C36: 46327 | D36: 46341 | E36: 0
B37: Structural Glazing | C37: =MIN(C38:C41) -> 46290 | D37: =MAX(D38:D41) -> 46361 | E37: =AVERAGE(E38:E41) -> 0
B38: Elevation A | C38: =C33+5 -> 46306 | D38: 46315 | E38: 0
B39: Elevation B | C39: =C34+5 -> 46290 | D39: 46331 | E39: 0
B40: Elevation C | C40: =C35+5 -> 46316 | D40: 46348 | E40: 0
B41: Elevation D | C41: =C36+5 -> 46332 | D41: 46361 | E41: 0
B42: MEP
B43: Frist Fix
B44: Electrical
B45: Cable Tray Installation | C45: 45940 | D45: =VLOOKUP(B45,[2]OPD!$B$39:$D$52,3,FALSE) -> 46305 | E45: 0.9
B46: PHE
B47: CI Pipiing | C47: 45928 | D47: =VLOOKUP(B47,[2]OPD!$B$39:$D$52,3,FALSE) -> 46293 | E47: 0.95
B48: GI Piping | C48: 45922 | D48: =VLOOKUP(B48,[2]OPD!$B$39:$D$52,3,FALSE) -> 46315 | E48: 0.3
B49: HVAC
B50: Ducting & Insulation | C50: 46002 | D50: =VLOOKUP(B50,[2]OPD!$B$39:$D$52,3,FALSE) -> 46285 | E50: 0.97
B51: Firefighting
B52: Piping installation | C52: 46032 | D52: =VLOOKUP(B52,[2]OPD!$B$39:$D$52,3,FALSE) -> 46285 | E52: 0.9
B53: MGPS
B54: Copper Pipning | C54: 46275 | D54: =VLOOKUP(B54,[2]OPD!$B$39:$D$52,3,FALSE) -> 46325 | E54: 0.3
B55: PTTS
B56: Pipe installation | C56: 46275 | D56: =VLOOKUP(B56,[2]OPD!$B$39:$D$52,3,FALSE) -> 46325 | E56: 0.2
B57: Second Fix
B58: Electrical
B59: Wiring | C59: 46252 | D59: =VLOOKUP(B59,[2]OPD!$B$54:$D$76,3,FALSE) -> 46325 | E59: 0.45
B60: Cable Laying & Panel Installation | C60: 46213 | D60: =VLOOKUP(B60,[2]OPD!$B$54:$D$76,3,FALSE) -> 46325 | E60: 0.55
B61: UPS Installation | C61: 46293 | D61: =VLOOKUP(B61,[2]OPD!$B$54:$D$76,3,FALSE) -> 46305 | E61: 0
B62: DB Dresssing | C62: 46275 | D62: =VLOOKUP(B62,[2]OPD!$B$54:$D$76,3,FALSE) -> 46336 | E62: 0.2
B63: PHE
B64: Cister& Sensor Fixing | C64: 46259 | D64: 46305 | E64: 0.55
B65: HVAC
B66: Duct testinfg & dropper for diffusere | C66: 46313 | D66: =VLOOKUP(B66,[2]OPD!$B$54:$D$76,3,FALSE) -> 46366 | E66: 0.5
B67: Pipe Testing | C67: 46244 | D67: =VLOOKUP(B67,[2]OPD!$B$54:$D$76,3,FALSE) -> 46310 | E67: 0.8
B68: AHU Connection | C68: 46253 | D68: =VLOOKUP(B68,[2]OPD!$B$54:$D$76,3,FALSE) -> 46311 | E68: 0.7
B69: Firefighting
B70: Sprinkler Flexible connection & testing | C70: 46275 | D70: =VLOOKUP(B70,[2]OPD!$B$54:$D$76,3,FALSE) -> 46340 | E70: 0.5
B71: Wet Riser & FHC installation | C71: 46244 | D71: =VLOOKUP(B71,[2]OPD!$B$54:$D$76,3,FALSE) -> 46319 | E71: 0.75
B72: ELV
B73: CAT 6 cabling | C73: 46244 | D73: =VLOOKUP(B73,[2]OPD!$B$54:$D$76,3,FALSE) -> 46341 | E73: 0.45
B74: PA & FAS cabling | C74: 46221 | D74: =VLOOKUP(B74,[2]OPD!$B$54:$D$76,3,FALSE) -> 46341 | E74: 0.6
B75: Fire Panel Installation | C75: 46294 | D75: =VLOOKUP(B75,[2]OPD!$B$54:$D$76,3,FALSE) -> 46295 | E75: 0
B76: Network Switch Installation & connection | C76: 46294 | D76: =VLOOKUP(B76,[2]OPD!$B$54:$D$76,3,FALSE) -> 46346 | E76: 0.3
B77: MGPS
B78: Copper Pipe testing | C78: 46344 | D78: =VLOOKUP(B78,[2]OPD!$B$54:$D$76,3,FALSE) -> 46371 | E78: 0
B79: PTTS
B80: Pipe accessories fixing & testing | C80: 46346 | D80: =VLOOKUP(B80,[2]OPD!$B$54:$D$76,3,FALSE) -> 46386 | E80: 0
B81: Final Fixture
B82: Electrical
B83: Switch Socket & light fixture Installation | C83: 46275 | D83: =VLOOKUP(B83,[2]OPD!$B$78:$D$99,3,FALSE) -> 46376 | E83: 0.1
B84: Cable termination & panel testing | C84: 46307 | D84: =VLOOKUP(B84,[2]OPD!$B$78:$D$99,3,FALSE) -> 46348 | E84: 0
B85: UPS testing & commissioning | C85: 46303 | D85: =VLOOKUP(B85,[2]OPD!$B$78:$D$99,3,FALSE) -> 46310 | E85: 0
B86: DB testing | C86: 46310 | D86: =VLOOKUP(B86,[2]OPD!$B$78:$D$99,3,FALSE) -> 46325 | E86: 0
B87: PHE
B88: Fixtures Installation | C88: 46324 | D88: =VLOOKUP(B88,[2]OPD!$B$78:$D$99,3,FALSE) -> 46376 | E88: 0
B89: HVAC
B90: Diffuser Installation | C90: 46314 | D90: =VLOOKUP(B90,[2]OPD!$B$78:$D$99,3,FALSE) -> 46371 | E90: 0
B91: AHU Testing | C91: 46320 | D91: =VLOOKUP(B91,[2]OPD!$B$78:$D$99,3,FALSE) -> 46381 | E91: 0
B92: Firefighting
B93: Sprinkler Fixing | C93: 46277 | D93: =VLOOKUP(B93,[2]OPD!$B$78:$D$99,3,FALSE) -> 46351 | E93: 0.2
B94: ELV
B95: Fire Alarm & PA Device Fixing | C95: 46312 | D95: =VLOOKUP(B95,[2]OPD!$B$78:$D$99,3,FALSE) -> 46381 | E95: 0
B96: Telephone & Data Socket Fixing | D96: =VLOOKUP(B96,[2]OPD!$B$78:$D$99,3,FALSE) -> 46381 | E96: 0
B97: Fire Panel testing & device addressing | D97: =VLOOKUP(B97,[2]OPD!$B$78:$D$99,3,FALSE) -> 46381 | E97: 0
B98: Network Switch testing | D98: =VLOOKUP(B98,[2]OPD!$B$78:$D$99,3,FALSE) -> 46381 | E98: 0
B99: QMS , HMIS , Biometric , etc. | D99: =VLOOKUP(B99,[2]OPD!$B$78:$D$99,3,FALSE) -> 46381 | E99: 0
B100: MGPS
...
